Date,AAPL,GOOG,IBM,MSFT
2010-01-04,27.990226,313.062468,113.30453600000001,25.884104
2010-01-05,28.038618,311.683844,111.935822,25.892466
2010-01-06,27.592626,303.826685,111.20868300000001,25.733566
2010-01-07,27.541619,296.753749,110.823732,25.465944
2010-01-08,27.724725,300.709808,111.935822,25.641571
2010-01-11,27.480148,300.255255,110.76384399999999,25.315406
2010-01-12,27.167562,294.945572,111.644958,25.148142
2010-01-13,27.550775,293.252243,111.405433,25.382312
2010-01-14,27.391211,294.630868,113.18477299999999,25.892466
2010-01-15,26.933449,289.710772,112.731385,25.808835000000002
2010-01-19,28.124939,293.516976,114.750251,26.009552
2010-01-20,27.692027000000003,289.915587,111.422546,25.583028
2010-01-21,27.213337,291.199286,110.35323100000001,25.097963
2010-01-22,25.863592,274.730736,107.359151,24.219826
2010-01-25,26.559390999999998,269.73073999999997,107.88953400000001,24.520902
2010-01-26,26.934757,270.939526,107.57301399999999,24.671439000000003
2010-01-27,27.188489,270.779695,108.06917800000001,24.813614
2010-01-28,26.065007,266.878565,105.86211100000001,24.387091
2010-01-29,25.119401,264.705742,104.698697,23.567497
2010-02-01,25.468608,266.244198,106.649125,23.759851
2010-02-02,25.6164,265.295156,107.38481399999999,23.801666
2010-02-03,26.057159,270.140309,107.496027,23.943839999999998
2010-02-04,25.118093,263.127321,105.220523,23.283148
2010-02-05,25.564084,265.380075,105.665355,23.433685999999998
2010-02-08,25.388826,266.468996,104.72874499999999,23.182789
2010-02-09,25.659561,267.95252200000004,105.87158600000001,23.425323000000002
2010-02-10,25.519617,266.95849599999997,105.527873,23.408596
2010-02-11,25.983917,267.932539,106.31841399999999,23.517319
2010-02-12,26.207567,266.29417,106.550416,23.358417000000003
2010-02-16,26.602551000000002,270.380071,107.60733,23.820544
2010-02-17,26.491381,268.836627,108.55253400000001,24.022199
2010-02-18,26.541079999999997,271.339119,109.824261,24.341486
2010-02-19,26.376286,270.11035,109.291513,24.173441
2010-02-22,26.212799,271.129347,108.99935500000001,24.139831
2010-02-23,25.773347,267.26818199999997,108.66423799999998,23.803739
2010-02-24,26.244189000000002,265.46998199999996,109.63521899999999,24.055808
2010-02-25,26.419446999999998,262.952495,109.18839799999999,24.030602
2010-02-26,26.762114,263.13732799999997,109.265736,24.089418
2010-03-01,27.333665000000003,266.079379,110.47731999999999,24.383499
2010-03-02,27.315354,270.260205,109.489143,23.912968
2010-03-03,27.378132,272.388075,109.02513300000001,23.912968
2010-03-04,27.558621999999996,277.018467,108.887652,24.055808
2010-03-05,28.636326,281.823654,109.34306799999999,24.022199
2010-03-08,28.653328000000002,280.95953199999997,108.621278,24.055808
2010-03-09,29.168639000000002,279.815651,107.882299,24.198647
2010-03-10,29.406674,287.937542,107.942448,24.341486
2010-03-11,29.492996999999995,290.280203,109.64381399999999,24.517936
2010-03-12,29.636865000000004,289.481016,109.935971,24.593557
2010-03-15,29.275885,281.309183,109.84145,24.610362
2010-03-16,29.355666999999997,282.318173,110.56324,24.67758
2010-03-17,29.312507,282.497987,109.781301,24.896039000000002
2010-03-18,29.381825,282.917563,110.31405600000001,24.879235
2010-03-19,29.067931,279.720756,109.738335,24.86243
2010-03-22,29.394904999999998,278.472004,109.970343,24.870832999999998
2010-03-23,29.867053000000002,274.226241,111.164732,25.106096
2010-03-24,29.999151,278.387085,110.44294199999999,24.912844
2010-03-25,29.643403000000003,281.15932799999996,111.05303500000001,25.215327
2010-03-26,30.199258,281.064433,111.07021100000001,24.921246
2010-03-29,30.394134,280.944537,110.494497,24.86243
2010-03-30,30.846665,283.072406,110.649173,25.013672
2010-03-31,30.735496,283.277222,110.202345,24.610362
2010-04-01,30.86236,284.116374,110.202345,24.501131
2010-04-05,31.191948999999997,285.220259,111.14755600000001,24.593557
2010-04-06,31.329279999999997,283.82667000000004,110.786648,24.635567
2010-04-07,31.467916,281.48899700000004,110.399975,24.660775
2010-04-08,31.382903000000002,283.46202400000004,109.65240800000001,25.139706
2010-04-09,31.623554,282.827656,110.64057199999999,25.492603
2010-04-12,31.68895,286.079424,110.296866,25.475798
2010-04-13,31.707261,293.092412,110.87258100000001,25.585029000000002
2010-04-14,32.133633,294.206303,112.780178,25.895914
2010-04-15,32.556084000000006,297.35317000000003,112.47083799999999,25.937926
2010-04-16,32.357283,274.80066,112.24743000000001,25.769879
2010-04-19,32.314122999999995,274.775689,113.622266,26.080766
2010-04-20,31.989765000000002,277.243234,111.43970700000001,26.349639
2010-04-21,33.903213,276.8736,110.83821499999999,26.324432
2010-04-22,34.851434999999995,273.257216,110.958514,26.374845
2010-04-23,35.421676,272.223256,111.697493,26.013545
2010-04-26,35.247727000000005,265.554901,112.33335,26.139581
2010-04-27,34.272037,264.266183,110.69214,25.921121
2010-04-28,34.214492,264.33112,111.792014,25.971535
2010-04-29,35.135249,265.734715,112.101354,26.047155
2010-04-30,34.14779,262.587849,110.84680300000001,25.66065
2010-05-03,34.83574,265.035411,111.362375,25.929524
2010-05-04,33.832584999999995,252.932505,110.090635,25.316154
2010-05-05,33.480763,254.62580400000002,109.52351499999999,25.08089
2010-05-06,32.206873,249.08633500000002,107.027468,24.349889
2010-05-07,30.847974,246.32409900000002,105.45556699999999,23.702911
2010-05-10,33.219184999999996,260.564881,109.05712,24.31628
2010-05-11,33.550081,254.271164,109.592605,24.265864999999998
2010-05-12,34.278579,252.44298999999998,114.593318,24.736396
2010-05-13,33.790735,255.18525899999997,113.55690200000001,24.568348999999998
2010-05-14,33.196949,253.51192799999998,113.30644,24.307878
2010-05-17,33.249266,253.73170699999997,112.658679,24.31628
2010-05-18,33.005998999999996,248.936496,112.23546999999999,24.139035999999997
2010-05-19,32.480224,246.96845699999997,111.294059,23.835187
2010-05-20,31.096473,237.26814500000003,106.923831,22.881443
2010-05-21,31.692871999999998,235.789622,108.32299099999999,22.653556
2010-05-24,32.273576,238.342071,107.485219,22.172464
2010-05-25,32.072163,238.297118,107.545676,22.003659
2010-05-26,31.926985,237.497916,106.431532,21.108995999999998
2010-05-27,33.135478000000006,244.98543999999998,109.16076399999999,21.944578
2010-05-28,33.597165999999994,242.57283900000002,108.18480600000001,21.775772
2010-06-01,34.113784,240.944477,107.39021299999999,21.851735
2010-06-02,34.521845,246.43899199999998,110.041723,22.332826999999998
2010-06-03,34.413289,252.54789100000002,110.51674399999999,22.670437
2010-06-04,33.476841,249.11132200000003,108.202076,21.767333999999998
2010-06-07,32.820277000000004,242.51789399999998,107.20884099999999,21.345323
2010-06-08,32.609707,242.14826000000002,106.854735,21.193398000000002
2010-06-09,31.807969,236.77362599999998,107.010198,20.923310999999998
2010-06-10,32.764038,243.262151,110.274914,21.100555
2010-06-11,33.156405,244.006409,110.939947,21.657610000000002
2010-06-14,33.257113000000004,241.35406099999997,110.98313300000001,21.522566
2010-06-15,33.964684000000005,248.746675,112.097277,22.43411
2010-06-16,34.953449,250.385044,112.58095,22.214664000000003
2010-06-17,35.557696,249.790642,113.12506100000002,22.256867
2010-06-18,35.845436,249.765656,112.408203,22.315948000000002
2010-06-21,35.335356,244.036383,112.84004399999999,21.902376999999998
2010-06-22,35.816660999999996,242.882541,111.67408200000001,21.750453
2010-06-23,35.439986,240.78463,112.37366200000001,21.362202
2010-06-24,35.182331,237.313098,110.71539399999999,21.100555
2010-06-25,34.881515,236.104296,109.791255,20.703865
2010-06-28,35.09078,235.804602,111.397697,20.518179999999997
2010-06-29,33.504305,226.903491,108.037975,19.674157
2010-06-30,32.897443,222.253131,106.647453,19.420951000000002
2010-07-01,32.498535,219.52585699999997,105.861499,19.547554
2010-07-02,32.297118,218.05731,105.24828600000001,19.640397
2010-07-06,32.518152,217.81756299999998,106.630175,20.104609
2010-07-07,33.831278999999995,224.875504,109.68761,20.509739
2010-07-08,33.75542,228.05234500000003,110.525383,20.602582
2010-07-09,33.955527000000004,233.51188199999999,110.51674399999999,20.48442
2010-07-12,33.650789,237.67772999999997,111.129958,20.957072
2010-07-13,32.932755,244.35606,112.69322,21.210278
2010-07-14,33.054390000000005,245.424998,112.900508,21.471926
2010-07-15,32.88698,246.763657,112.900508,21.531007000000002
2010-07-16,32.684257,229.575821,110.577202,21.007711999999998
2010-07-19,32.119248,232.857547,112.097277,21.29468
2010-07-20,32.944528000000005,240.554859,109.298956,21.505685999999997
2010-07-21,33.251881,238.51189399999998,108.19343799999999,21.201839
2010-07-22,33.877055,242.163255,110.093542,21.809534
2010-07-23,33.99738,244.78562799999997,110.879496,21.784213
2010-07-26,33.911061,244.241183,110.905405,22.028979999999997
2010-07-27,34.53885,246.069357,111.09541599999999,22.079621
2010-07-28,34.130784999999996,241.933484,110.922669,21.902376999999998
2010-07-29,33.758036,242.253162,110.56857,21.969898999999998
2010-07-30,33.645558,242.18323700000002,110.89676000000001,21.784213
2010-08-02,34.247188,244.960454,112.93505,22.223105
2010-08-03,34.257652,244.67075,112.59821399999998,22.079621
2010-08-04,34.394982,252.907519,113.37553600000001,21.716691
2010-08-05,34.227571000000005,253.79664300000002,113.859196,21.412844
2010-08-06,34.017001,249.860567,112.95652,21.564767
2010-08-09,34.234109000000004,252.42300699999998,114.570929,21.615409
2010-08-10,33.928062,251.603822,114.432052,21.159637
2010-08-11,32.722184999999996,245.624795,112.687454,20.982393
2010-08-12,32.931449,245.75965499999998,111.359474,20.670104000000002
2010-08-13,32.579623,242.932482,110.98625,20.594142
2010-08-16,32.388673,242.552857,110.899449,20.678544
2010-08-17,32.954992,245.015398,111.489663,20.967043
2010-08-18,33.098859999999995,240.834572,112.305549,21.060381
2010-08-19,32.681641,233.751644,111.880243,20.737942
2010-08-20,32.650251000000004,230.779619,110.665102,20.559751000000002
2010-08-23,32.148019,231.80358900000002,109.771103,20.602179
2010-08-24,31.380287,225.46992200000003,108.408403,20.398533
2010-08-25,31.767421999999996,227.08330499999997,108.729545,20.449444
2010-08-26,31.426061999999998,225.26512200000002,106.568322,20.211856
2010-08-27,31.601321000000002,229.186204,108.260851,20.305195
2010-08-30,31.716414,226.119268,107.10646100000001,20.059122
2010-08-31,31.794890000000002,224.785598,106.87210800000001,19.914872
2010-09-01,32.740496,229.93546400000002,109.163526,20.279738000000002
2010-09-02,32.981147,231.359042,108.529917,20.313679999999998
2010-09-03,33.844358,234.91549300000003,110.734541,20.610664
2010-09-07,33.718801,231.968423,109.319759,20.330648999999998
2010-09-08,34.387134,235.05534100000003,109.432598,20.305195
2010-09-09,34.406752000000004,237.852555,109.675626,20.373077
2010-09-10,34.451221000000004,237.832573,111.090401,20.237313
2010-09-13,34.925985,240.89452000000003,112.496502,21.306454000000002
2010-09-14,35.05939,239.975437,111.83685600000001,21.238572
2010-09-15,35.341894,240.080339,112.34026200000001,21.314939000000003
2010-09-16,36.172406,240.290127,112.54857700000001,21.493129
2010-09-17,36.015459,244.83059599999999,112.999921,21.399791
2010-09-20,37.043465999999995,253.88655,114.38865200000001,21.577982000000002
2010-09-21,37.114090000000004,256.473961,114.55356599999999,21.340394
2010-09-22,37.634633,257.742696,115.065674,20.882192
2010-09-23,37.787655,256.483953,114.2845,20.729457
2010-09-24,38.232338,263.382078,116.40232900000001,21.026441000000002
2010-09-27,38.080622999999996,264.940516,116.871022,20.984014000000002
2010-09-28,37.518229999999996,263.32212999999996,117.07933799999999,20.941588
2010-09-29,37.584932,263.581875,117.59143200000001,20.788853
2010-09-30,37.111474,262.632833,116.428367,20.780368
2010-10-01,36.950604999999996,262.547914,117.730309,20.68703
2010-10-04,36.443141,260.914533,117.39180400000001,20.288224
2010-10-05,37.790271000000004,268.846604,119.483595,20.661575
2010-10-06,37.82297,266.908555,119.639822,20.729457
2010-10-07,37.826892,264.74072,120.403632,20.81431
2010-10-08,38.461220000000004,267.907538,120.516471,20.84825
2010-10-11,38.629940000000005,269.151302,121.219518,20.865221
2010-10-12,39.045849,270.425025,121.384433,21.068866
2010-10-13,39.255113,271.37908500000003,121.83576399999998,21.501614
2010-10-14,39.538924,270.195269,122.81656399999999,21.408276
2010-10-15,41.164636,300.425093,122.43465900000001,21.67132
2010-10-18,41.591008,308.546984,123.970955,21.908905999999998
2010-10-19,40.477992,303.61192400000004,119.80473700000002,21.297969000000002
2010-10-20,40.614012,303.686837,120.707424,21.476157999999998
2010-10-21,40.481916999999996,305.689822,121.36707,21.569496
2010-10-22,40.213798,305.959573,121.22819299999999,21.535554
2010-10-25,40.392979,307.942576,121.375745,21.374336
2010-10-26,40.289654,308.991531,122.09615500000001,21.976788
2010-10-27,40.260884000000004,307.927611,122.755801,22.104066
2010-10-28,39.922137,308.98155499999996,122.295782,22.299228
2010-10-29,39.364975,306.543968,124.63928899999999,22.630152
2010-11-01,39.7835,307.19333,124.39626100000001,22.867739
2010-11-02,40.460991,307.493041,124.847591,23.241089000000002
2010-11-03,40.910906,309.78074100000003,125.13401999999999,22.935620999999998
2010-11-04,41.626324,311.823723,127.408075,23.028958
2010-11-05,41.477224,312.228304,127.52091499999999,22.782887
2010-11-08,41.6721,313.072475,127.686567,22.748945000000003
2010-11-09,41.339894,312.098432,127.407579,22.867739
2010-11-10,41.594934,311.12940699999996,127.765028,22.859254
2010-11-11,41.414444,308.287239,126.788582,22.638637
2010-11-12,40.287039,301.344176,125.315219,22.290742
2010-11-15,40.157559,297.438058,125.22803200000001,22.231346
2010-11-16,39.444757,291.56892,124.00749099999999,22.034983999999998
2010-11-17,39.302195000000005,291.484001,123.75465600000001,21.830087
2010-11-18,40.339356,297.982518,125.85574299999999,22.060596
2010-11-19,40.117016,295.120398,126.4573,21.932536
2010-11-22,40.984146,295.31517599999995,126.75371499999999,21.966685000000002
2010-11-23,40.378593,291.214281,124.82699,21.445906
2010-11-24,41.172483,297.18832000000003,127.119877,21.65934
2010-11-26,41.198642,294.70581,125.4547,21.556891
2010-11-29,41.443218,290.764746,124.574168,21.608114999999998
2010-11-30,40.695104,277.577891,123.327474,21.565428
2010-12-01,41.381747999999995,281.893579,125.899336,22.231345
2010-12-02,41.610628999999996,285.624871,126.570627,22.957020999999997
2010-12-03,41.517768,286.21428399999996,126.745001,23.068008
2010-12-06,41.872207,288.891602,126.40499299999999,22.914335
2010-12-07,41.618477,293.277214,125.559327,22.939947
2010-12-08,41.984685,294.975531,126.396266,23.247292
2010-12-09,41.821199,295.45505499999996,125.803436,23.119232
2010-12-10,41.92583,295.80969500000003,126.25678500000001,23.341204
2010-12-13,42.071008,297.013494,125.785995,23.264367
2010-12-14,41.890518,297.158361,127.12860400000001,23.580251
2010-12-15,41.899671000000005,294.85566600000004,126.169598,23.776611
2010-12-16,42.016075,295.559957,126.02139,23.896133
2010-12-17,41.932371,295.105404,126.413706,23.819297
2010-12-20,42.141632,297.233273,125.98651000000001,23.74246
2010-12-21,42.401903000000004,301.234286,127.058857,23.964432000000002
2010-12-22,42.527460999999995,302.44307299999997,127.24193100000001,24.066882
2010-12-23,42.323432000000004,301.813693,127.189624,24.160792
2010-12-27,42.464684000000005,300.88962200000003,126.710121,23.964432000000002
2010-12-28,42.568008,299.161346,127.032703,23.913209
2010-12-29,42.544465,300.200325,127.738874,23.879057999999997
2010-12-30,42.331278999999995,299.131387,127.869642,23.776611
2010-12-31,42.187411,296.688813,127.948102,23.827834
2011-01-03,43.104243,301.873641,128.57581299999998,23.887596
2011-01-04,43.329202,300.75975,128.715307,23.981507999999998
2011-01-05,43.683640000000004,304.23129700000004,128.200937,23.904671
2011-01-06,43.648325,306.44408500000003,129.60456499999998,24.604736
2011-01-07,43.960913,307.912617,128.968128,24.416914000000002
2011-01-10,44.788809,306.798725,128.715307,24.092493
2011-01-11,44.682869000000004,307.697825,128.401451,23.998583
2011-01-12,45.046465000000005,308.127408,129.988168,24.374226
2011-01-13,45.211259999999996,308.03750099999996,129.74406000000002,24.066882
2011-01-14,45.577467999999996,311.778769,130.772799,24.160792
2011-01-18,44.55339,319.496049,131.339476,24.468138
2011-01-19,44.316660999999996,315.559972,135.73345,24.305927
2011-01-20,43.510998,313.072475,135.82935,24.20348
2011-01-21,42.731493,305.609921,135.567802,23.921746
2011-01-24,44.134862,305.235299,139.168417,24.229091
2011-01-25,44.651478999999995,309.64588100000003,140.746407,24.288854
2011-01-26,44.971915,307.942576,140.397671,24.570587
2011-01-27,44.888208,308.087443,140.423838,24.647423999999997
2011-01-28,43.958296999999995,300.19530699999996,138.802255,23.691236
2011-01-31,44.379438,299.880632,141.234623,23.674160999999998
2011-02-01,45.126247,305.21531600000003,142.594658,23.896133
2011-02-02,45.033386,305.69484,142.36799,23.853447
2011-02-03,44.918292,304.770739,142.56850500000002,23.605862
2011-02-04,45.318506,305.18532700000003,142.978261,23.708312
2011-02-07,46.022151,306.83869100000004,143.693158,24.075419
2011-02-08,46.456375,308.881641,145.338657,24.143718
2011-02-09,46.843509999999995,307.942576,144.11327,23.879057999999997
2011-02-10,46.370052,307.912617,143.623121,23.477802
2011-02-11,46.672177000000005,311.9386,143.413065,23.264367
2011-02-14,46.976915000000005,313.761772,142.86164,23.247292
2011-02-15,47.071085,311.763774,142.529033,23.152826
2011-02-16,47.493532,311.798721,143.019182,23.204354000000002
2011-02-17,46.861821,312.31821099999996,143.75441999999998,23.367522
2011-02-18,45.849513,314.72580800000003,144.279574,23.238705
2011-02-22,44.286577,304.800728,141.750043,22.835077
2011-02-23,44.811042,305.355165,140.20081000000002,22.835077
2011-02-24,44.845048,304.106413,140.71723,22.989658
2011-02-25,45.535618,304.715809,142.038884,22.800725
2011-02-28,46.196103,306.394144,141.688781,22.826489000000002
2011-03-01,45.686023999999996,300.080429,140.017011,22.465799
2011-03-02,46.053542,300.09542400000004,140.183315,22.397097
2011-03-03,47.026616,304.476047,143.08920600000002,22.500151000000002
2011-03-04,47.084161,300.01050499999997,141.645015,22.285455
2011-03-07,46.477298,295.534986,139.981993,22.087934
2011-03-08,46.529615,295.859637,142.038884,22.251103
2011-03-09,46.099317,295.589916,145.17235300000002,22.233926999999998
2011-03-10,45.340739,289.860627,141.811318,21.821710999999997
2011-03-11,46.03654,288.067414,142.170169,22.053583
2011-03-14,46.241879,284.71077599999995,141.259894,22.062171
2011-03-15,45.17856,284.49598399999996,139.185507,21.804535
2011-03-16,43.161791,278.272207,133.916375,21.289266
2011-03-17,43.767344,280.400077,134.949188,21.280676999999997
2011-03-18,43.248111,280.250221,136.445906,21.297852
2011-03-21,44.376822,287.96254300000004,138.01263400000002,21.753007999999998
2011-03-22,44.625324,288.372113,138.292727,21.727244
2011-03-23,44.362437,290.789717,139.63189,21.933354
2011-03-24,45.118399,293.15236,140.078273,22.165224
2011-03-25,45.977686,289.58092999999997,141.951351,22.002056
2011-03-28,45.833816999999996,287.39311200000003,141.24238400000002,21.821710999999997
2011-03-29,45.901826,290.574925,142.564051,21.890414
2011-03-30,45.597089000000004,290.62985499999996,143.194247,21.993468
2011-03-31,45.581394,293.087424,142.730355,21.804535
2011-04-01,45.064776,295.60491099999996,143.780677,21.881826
2011-04-04,44.624015,293.546965,143.763168,21.94194
2011-04-05,44.323199,284.26124100000004,143.535602,22.139461999999998
2011-04-06,44.212027,286.803698,143.579355,22.457210999999997
2011-04-07,44.217259000000006,289.710772,143.876957,22.500151000000002
2011-04-08,43.822277,288.791689,143.58811599999999,22.388507999999998
2011-04-11,43.265112,288.397084,143.500584,22.311218
2011-04-12,43.474376,285.020462,142.887897,22.019231
2011-04-13,43.962219,287.85265400000003,143.500584,22.010642999999998
2011-04-14,43.476991999999996,288.966515,144.393363,21.830299
2011-04-15,42.828276,265.08538300000004,145.478703,21.78736
2011-04-18,43.402442,263.15727999999996,145.242377,21.538312
2011-04-19,44.188485,260.504933,144.769723,21.598426999999997
2011-04-20,44.783578000000006,262.602843,144.200803,22.122286
2011-04-21,45.86782,262.288169,147.290506,21.916178
2011-04-25,46.169945,262.263198,146.756591,21.993468
2011-04-26,45.831202000000005,266.144315,147.474319,22.491563
2011-04-27,45.795885999999996,268.61186000000004,149.11981799999998,22.654730999999998
2011-04-28,45.351202,268.716731,149.47868200000002,22.938129999999997
2011-04-29,45.79327,271.77867799999996,149.303631,22.259691
2011-05-02,45.289732,269.01145299999996,150.677799,22.036407
2011-05-03,45.54085,266.678769,151.307994,22.165224
2011-05-04,45.72003,267.627841,149.338636,22.379920000000002
2011-05-05,45.351202,266.868589,147.44806200000002,22.14805
2011-05-06,45.339433,267.38309100000004,148.485497,22.216753
2011-05-09,45.462374,268.57189500000004,148.670132,22.1824
2011-05-10,45.704335,271.059392,149.795487,22.044995
2011-05-11,45.413983,267.45800299999996,149.0218,21.778772
2011-05-12,45.327659999999995,267.25820600000003,151.430771,21.74442
2011-05-13,44.533770000000004,264.51093399999996,149.391056,21.495373999999998
2011-05-16,43.592086,258.951482,148.459123,21.100332
2011-05-17,43.963529,264.965487,149.90098500000002,21.195418
2011-05-18,44.451372,264.640806,149.848236,21.342368
2011-05-19,44.537695,265.360092,149.980108,21.3683
2011-05-20,43.843204,261.753685,149.60206599999998,21.169485
2011-05-23,43.735954,258.93651800000004,147.931607,20.892873
2011-05-24,43.446912,258.871582,147.69423600000002,20.875584
2011-05-25,44.047233,259.575874,147.483227,20.910162
2011-05-26,43.814429,258.806646,146.982086,21.32508
2011-05-27,44.12963,260.19025800000003,147.263431,21.402877
2011-05-31,45.492455,264.246201,148.520659,21.61898
2011-06-01,45.189023,262.53790699999996,146.436995,21.117621
2011-06-02,45.266189000000004,263.766677,146.023778,20.936093
2011-06-03,44.918292,261.279179,145.109431,20.668125
2011-06-06,44.212027,260.270189,144.845673,20.754567
2011-06-07,43.427291,259.256181,143.91374,20.797787
2011-06-08,43.453449,259.326105,144.485204,20.694058
2011-06-09,43.355357,258.107342,144.92479699999998,20.711345
2011-06-10,42.624247,254.500935,143.465347,20.495242
2011-06-13,42.715798,252.11332000000002,143.45656,20.7805
2011-06-14,43.479608,253.931504,144.291783,20.936093
2011-06-15,42.735415,251.22421200000002,142.718048,20.521175
2011-06-16,42.527460999999995,249.935494,143.016968,20.745923
2011-06-17,41.886592,242.268141,144.573128,20.970670000000002
2011-06-20,41.240496,242.048362,145.083057,21.152196
2011-06-21,42.545772,246.25417400000003,146.138076,21.402877
2011-06-22,42.193948999999996,243.262151,145.663309,21.307791
2011-06-23,43.321354,239.87053500000002,146.050152,21.290502
2011-06-24,42.683102000000005,237.203209,145.127019,21.005246
2011-06-27,43.427291,241.15925299999998,147.368929,21.783219
2011-06-28,43.848434999999995,246.57883999999999,149.47018,22.301866
2011-06-29,43.688871999999996,248.536887,149.936147,22.146273
2011-06-30,43.902058000000004,252.93749300000002,150.82413200000002,22.474749
2011-07-01,44.894749,260.255195,153.452885,22.492038
2011-07-05,45.701719,265.954494,154.23535900000002,22.500682
2011-07-06,46.006456,267.41305,156.239912,22.760006
2011-07-07,46.717953,273.02743,155.15850600000002,23.140348
2011-07-08,47.046233,265.729727,155.167306,23.27001
2011-07-11,46.299428000000006,263.37709,153.848529,23.019329
2011-07-12,46.266728,266.738717,153.02209299999998,22.941533
2011-07-13,46.825199,268.861598,153.259477,23.019329
2011-07-14,46.792503,264.206235,153.18034,22.881023000000003
2011-07-15,47.727645,298.51201499999996,154.33207,23.148993
2011-07-18,48.889057,297.173325,154.103487,22.984754000000002
2011-07-19,49.287960999999996,300.974541,162.833797,23.805947
2011-07-20,50.602394,297.37814,161.46225800000002,23.391026999999998
2011-07-21,50.653405,303.192318,162.561239,23.425604999999997
2011-07-22,51.439448,308.806729,162.80741,23.797303
2011-07-25,52.11955,309.18135099999995,161.50621999999998,24.125779
2011-07-26,52.761728000000005,310.949593,160.829244,24.272729
2011-07-27,51.346587,303.30722599999996,159.440144,23.624419
2011-07-28,51.245878000000005,305.165344,159.835774,23.96154
2011-07-29,51.07062,301.543972,159.879736,23.684928
2011-08-01,51.890669,303.082428,158.912628,23.572554999999998
2011-08-02,50.865282,295.90459,156.538832,23.16628
2011-08-03,51.343971,300.285244,157.224595,23.27001
2011-08-04,49.355973,288.47202599999997,150.762582,22.422885
2011-08-05,48.865514000000005,289.231278,152.08135900000002,22.198137
2011-08-08,46.196103,272.737727,146.774453,21.160841
2011-08-09,48.916521,286.419069,150.650881,22.111696
2011-08-10,47.566776000000004,274.231229,143.524958,20.918806
2011-08-11,48.875977,280.784706,147.224785,21.774575
2011-08-12,49.306272,281.603875,148.52281599999998,21.696778
2011-08-15,50.145941,278.337143,152.752456,22.051187
2011-08-16,49.762728,269.23123300000003,151.20718300000001,22.051187
2011-08-17,49.757497,266.309134,151.419098,21.9642
2011-08-18,47.875439,252.188248,144.664052,21.459675
2011-08-19,46.564927000000004,245.21521,139.109892,20.920355999999998
2011-08-22,46.618551000000004,248.836597,140.38143300000002,20.859465
2011-08-23,48.862898,259.151279,145.096734,21.503168
2011-08-24,49.200334999999995,261.38405,147.251275,21.659745
2011-08-25,48.878593,259.760676,146.209325,21.372688
2011-08-26,50.168174,263.167287,149.35285,21.9642
2011-08-29,51.003918,269.27119799999997,152.425732,22.477423
2011-08-30,51.006534,270.080391,152.3286,22.816671
2011-08-31,50.331663,270.210264,151.798801,23.138523
2011-09-01,49.834662,265.984484,150.403638,22.799273
2011-09-02,48.921753,262.158297,147.445538,22.442626999999998
2011-09-06,49.665946000000005,260.829614,145.794308,22.190366
2011-09-07,50.21395,266.748723,147.73693400000002,22.616602
2011-09-08,50.241417999999996,267.21325299999995,145.91792900000002,22.807972
2011-09-09,49.370358,262.16328500000003,142.491834,22.390435
2011-09-12,49.6921,264.795649,143.419001,22.520915
2011-09-13,50.304195,264.49597,144.310839,22.651397
2011-09-14,50.916289,265.769692,147.675131,23.051536
2011-09-15,51.394978,271.00945,150.19171,23.477772
2011-09-16,52.381130999999996,273.067396,152.752456,23.590856
2011-09-19,53.836817,273.062408,152.876078,23.669143
2011-09-20,54.074852,273.042425,154.28006499999998,23.469073
2011-09-21,53.903518999999996,269.331146,152.778946,22.607903
2011-09-22,52.553774,260.070362,148.89368000000002,21.798924
2011-09-23,52.878128000000004,262.492954,149.52945,21.798924
2011-09-26,52.730338,265.679785,154.094627,22.129475
2011-09-27,52.218952,269.401071,156.92028,22.329545
2011-09-28,51.924675,264.156294,156.77899399999998,22.251256
2011-09-29,51.082392999999996,263.48697999999996,158.209471,22.138174
2011-09-30,49.87259,257.263172,154.41251200000002,21.651046
2011-10-03,48.993687,247.512918,153.01735,21.337894
2011-10-04,48.71903,250.69973399999998,154.297729,22.042488
2011-10-05,49.471067,252.098341,156.160888,22.520915
2011-10-06,49.355973,257.098352,160.434668,22.912357
2011-10-07,48.365898,257.303137,161.052775,22.834069
2011-10-10,50.852202,268.317138,164.787917,23.434279
2011-10-11,52.353663,271.319137,163.35744,23.486470999999998
2011-10-12,52.602165,273.976503,164.34641000000002,23.451675
2011-10-13,53.418288000000004,279.216261,164.96453,23.643048
2011-10-14,55.1931,295.544962,168.240502,23.721335999999997
2011-10-17,54.930216,290.91457,164.761428,23.469073
2011-10-18,55.22449,294.960537,157.971054,23.75613
2011-10-19,52.135245,290.060424,156.637709,23.599553
2011-10-20,51.702335,291.54395,156.514088,23.521266
2011-10-21,51.383209,294.950561,160.38169,23.62565
2011-10-24,53.070391,297.912594,160.929154,23.651747
2011-10-25,52.024077,291.289223,159.26025900000002,23.321195
2011-10-26,52.394211,292.862626,160.681911,23.129825
2011-10-27,52.929139,299.03646200000003,164.13449599999998,23.703938
2011-10-28,52.963142000000005,299.77074300000004,165.52082,23.469073
2011-10-31,52.940909,296.024487,163.030729,23.164619000000002
2011-11-01,51.859282,289.03647,160.134447,22.607903
2011-11-02,51.976991999999996,292.118369,162.403784,22.6253
2011-11-03,52.717259,298.452066,165.388373,23.077633
2011-11-04,52.347125,297.772746,164.576002,22.834069
2011-11-07,52.280423,303.861662,165.406037,23.312496
2011-11-08,53.130552,305.864648,166.00888899999998,23.62565
2011-11-09,51.698409000000005,300.17535499999997,161.56721399999998,22.790576
2011-11-10,50.382670000000005,297.24327999999997,162.551299,22.860166
2011-11-11,50.304195,303.87163799999996,166.124146,23.408182999999998
2011-11-14,49.603165000000004,306.194317,166.097551,23.277701999999998
2011-11-15,50.854818,307.972565,167.33873300000002,23.435457999999997
2011-11-16,50.323815,305.43010699999996,165.45035,22.848257
2011-11-17,49.361205,300.13538900000003,164.66131000000001,22.383755999999998
2011-11-18,49.038156,297.143366,164.226902,22.173414
2011-11-21,48.262572999999996,290.18032,160.893418,21.910489000000002
2011-11-22,49.243495,289.710772,160.742704,21.726441
2011-11-23,47.99838,284.77072400000003,157.763852,21.445985999999998
2011-11-25,47.551080999999996,281.219276,156.97481100000002,21.296994
2011-11-28,49.192488,293.801692,161.540618,21.796554999999998
2011-11-29,48.810581,291.174315,160.41468,21.770262
2011-11-30,49.987684,299.39612,166.673811,22.418812
2011-12-01,50.737109000000004,306.578946,167.959324,22.155887
2011-12-02,50.968606,309.870648,168.145508,22.1033
2011-12-05,51.40152,312.51302000000004,169.191646,22.523982999999998
2011-12-06,51.132090999999996,311.573954,171.053433,22.488925
2011-12-07,50.888824,311.384164,172.037519,22.436341
2011-12-08,51.094163,307.717808,169.847707,22.261056
2011-12-09,51.481301,313.397156,172.489661,22.523982999999998
2011-12-12,51.248494,312.383147,170.379637,22.357463
2011-12-13,50.852202,312.503043,169.466478,22.576567999999998
2011-12-14,49.7248,308.726798,167.312137,22.427576000000002
2011-12-15,49.561312,309.461079,166.212795,22.401283
2011-12-16,49.833353,312.667863,162.746344,22.786908
2011-12-19,49.988994,310.604929,162.143474,22.374992000000002
2011-12-20,51.786039,314.870675,166.00002800000001,22.813201
2011-12-21,51.851434999999995,312.597938,160.884557,22.576567999999998
2011-12-22,52.126092,314.536018,161.389891,22.620388000000002
2011-12-23,52.751265000000004,316.254288,163.792482,22.813201
2011-12-27,53.16979,319.805735,163.96979199999998,22.821966
2011-12-28,52.66101999999999,319.531026,163.118699,22.629151999999998
2011-12-29,52.985378000000004,320.879661,165.06026,22.804437
2011-12-30,52.969682999999996,322.62792,163.021176,22.751851000000002
2012-01-03,53.7845,332.373186,165.16665700000001,23.461752
2012-01-04,54.07354599999999,333.80677000000003,164.49286,24.013895
2012-01-05,54.673867,329.176378,163.712694,24.259293
2012-01-06,55.245417,324.685865,161.833172,24.636154
2012-01-09,55.157788000000004,310.919604,160.99094,24.311878
2012-01-10,55.355279,311.259279,160.742704,24.399520000000003
2012-01-11,55.265034,312.667863,161.638141,24.294349
2012-01-12,55.113319,314.506029,160.068921,24.539747
2012-01-13,54.906674,312.18335,158.836599,24.758851999999997
2012-01-17,55.546232999999994,313.976563,159.581308,24.767617
2012-01-18,56.123015,316.13941,160.52993700000002,24.741323
2012-01-19,55.94514,319.46609,160.042325,24.644918
2012-01-20,54.97076,292.70279500000004,167.134827,26.038424
2012-01-23,55.900670999999996,292.468021,168.429202,26.055953
2012-01-24,54.98514599999999,290.17533199999997,170.157996,25.71415
2012-01-25,58.418366000000006,284.461038,169.98068700000002,25.906961
2012-01-26,58.152863,283.766722,169.315764,25.854377
2012-01-27,58.49945699999999,289.70079599999997,168.854761,25.617743
2012-01-30,59.248878000000005,288.55694500000004,170.663344,25.950782999999998
2012-01-31,59.702715000000005,289.76573199999996,170.752005,25.880670000000002
2012-02-01,59.664787,290.12536,170.769727,26.19618
2012-02-02,59.52484499999999,292.263236,169.803377,26.248765999999996
2012-02-03,60.121244,297.867641,171.674025,26.502927000000003
2012-02-06,60.682327,304.241273,170.94705,26.467871000000002
2012-02-07,61.317967,303.082428,171.41692700000002,26.599334000000002
2012-02-08,62.344664,304.620914,171.728427,26.871022999999997
2012-02-09,64.501379,305.425089,171.88863700000002,26.96743
2012-02-10,64.534076,302.652876,171.25672,26.730796
2012-02-13,65.734725,305.794723,171.434721,26.80091
2012-02-14,66.631936,304.575961,171.07872,26.686226
2012-02-15,65.089927,302.47805,171.10541899999998,26.509787
2012-02-16,65.683714,302.957574,171.790735,27.603703000000003
2012-02-17,65.671945,302.018509,172.146735,27.568415
2012-02-21,67.336894,306.693824,172.120036,27.736031
2012-02-22,67.100162,303.666854,172.54724,27.586059000000002
2012-02-23,67.53830400000001,302.75275899999997,175.875901,27.674278
2012-02-24,68.32565600000001,304.645885,176.009398,27.771318
2012-02-27,68.763805,304.351163,175.804698,27.656634000000004
2012-02-28,70.025922,308.886629,176.205202,28.115372999999998
2012-02-29,70.945373,308.81670499999996,175.09268400000002,28.000687
2012-03-01,71.21086899999999,310.88964500000003,175.804698,28.485892
2012-03-02,71.303733,310.315226,176.943917,28.300634000000002
2012-03-05,69.73164799999999,306.818708,178.59045,28.053618
2012-03-06,69.35235300000001,302.17834,175.56439,27.841893
2012-03-07,69.408596,303.097423,176.018307,28.088907
2012-03-08,70.886511,303.26726099999996,177.833932,28.238877000000002
2012-03-09,71.30242700000001,299.825703,178.55484199999998,28.221234999999997
2012-03-12,72.195712,302.273235,178.893052,28.265345
2012-03-13,74.301424,308.58196200000003,181.367293,28.821121999999995
2012-03-14,77.11078,307.687849,182.20391,28.909343
2012-03-15,76.58500500000001,310.255278,183.343128,28.979915999999996
2012-03-16,76.586312,312.208321,183.352023,28.759369
2012-03-19,78.617473,316.67386400000004,183.093925,28.406495
2012-03-20,79.253106,316.429113,181.785602,28.221234999999997
2012-03-21,78.800575,319.670874,182.17721,28.15066
2012-03-22,78.38728499999999,322.702863,182.889225,28.230057000000002
2012-03-23,77.956987,320.974587,182.880316,28.238877000000002
2012-03-26,79.386511,324.34120099999996,184.918459,28.750549
2012-03-27,80.367436,323.187375,184.393339,28.688796000000004
2012-03-28,80.778113,327.553004,184.491242,28.397671999999996
2012-03-29,79.763186,323.88166,185.363466,28.335919
2012-03-30,78.41475,320.300254,185.701663,28.459424
2012-04-02,80.910212,323.137403,186.43148200000002,28.485892
2012-04-03,82.30834499999999,320.989551,186.458181,28.177126
2012-04-04,81.653091,317.258289,183.387632,27.533126
2012-04-05,82.878586,315.84468799999996,182.871421,27.806606
2012-04-09,83.212101,315.105449,182.399714,27.436087
2012-04-10,82.19325500000001,313.11742799999996,180.076774,26.880307000000002
2012-04-11,81.900287,317.662871,180.29927800000002,26.774445
2012-04-12,81.451675,325.180384,182.737924,27.330222999999997
2012-04-13,79.157629,311.988542,180.495082,27.180251000000002
2012-04-16,75.874822,302.732776,180.423879,27.418443
2012-04-17,79.74225899999999,304.481035,184.633647,27.736031
2012-04-18,79.564388,303.422104,178.118743,27.471373
2012-04-19,76.830888,299.351167,177.566925,27.356690000000004
2012-04-20,74.939676,297.73278,177.647036,28.600575
2012-04-23,74.772262,298.502008,176.774812,28.335919
2012-04-24,73.27865200000001,300.33518599999996,178.003037,28.159482
2012-04-25,79.7815,304.555978,181.180398,28.406495
2012-04-26,79.480681,307.42810499999996,182.969323,28.327098
2012-04-27,78.865975,307.183354,184.06403799999998,28.212413
2012-04-30,76.378357,302.12341000000004,184.304346,28.247701
2012-05-01,76.1364,301.91360699999996,185.12315800000002,28.238877000000002
2012-05-02,76.639935,303.327209,185.176557,28.053618
2012-05-03,76.09585200000001,305.205309,184.446752,28.018332
2012-05-04,73.928674,298.18733399999996,182.444218,27.330222999999997
2012-05-07,74.481914,303.47204500000004,181.34059399999998,27.039101000000002
2012-05-08,74.311887,306.089446,180.071476,26.906772999999998
2012-05-09,74.442679,304.27126200000004,179.84804,27.136142
2012-05-10,74.617931,306.524016,179.28499,27.118498
2012-05-11,74.11962700000001,302.3132,179.79441699999998,27.489017999999998
2012-05-14,73.00922299999999,301.698816,178.248244,27.065566999999998
2012-05-15,72.348738,305.25026299999996,177.890739,26.825810999999998
2012-05-16,71.42144300000001,314.151389,178.507424,26.550539
2012-05-17,69.334046,311.21432599999997,176.86293899999998,26.390703000000002
2012-05-18,69.368049,299.900615,175.066519,25.991113000000002
2012-05-21,73.409437,306.748784,176.746748,26.417341999999998
2012-05-22,72.845742,300.100412,175.90663999999998,26.426221999999996
2012-05-23,74.623162,304.426106,175.281009,25.849037
2012-05-24,73.937831,301.528978,175.254198,25.813517
2012-05-25,73.541536,295.47005,173.654402,25.804637
2012-05-29,74.846812,296.873645,175.584892,26.248626
2012-05-30,75.749262,293.82167400000003,173.85996,26.053272
2012-05-31,75.560928,290.140354,172.403153,25.920075
2012-06-01,73.371509,285.20529500000004,168.989059,25.262972
2012-06-04,73.80311400000001,289.00647999999995,168.50643,25.351768
2012-06-05,73.612167,284.92057900000003,169.096304,25.31625
2012-06-06,74.740879,289.995487,173.377344,26.062151999999998
2012-06-07,74.77488100000001,288.826666,173.779526,25.955594
2012-06-08,75.89966700000001,289.93557000000004,174.405144,26.328544
2012-06-11,74.70294399999999,283.966519,172.05459399999998,25.662561
2012-06-12,75.35558499999999,282.268201,173.877838,26.008873
2012-06-13,74.83243,280.265216,172.581913,25.866795
2012-06-14,74.750029,279.24622,174.3694,26.053272
2012-06-15,75.090082,281.97351000000003,177.944375,26.657096999999997
2012-06-18,76.613776,285.140358,177.22043100000002,26.497260999999998
2012-06-19,76.82696899999999,290.475012,177.792426,27.260921999999997
2012-06-20,76.608544,288.467038,177.65837,27.465157
2012-06-21,75.553077,282.32316099999997,172.841092,26.763653
2012-06-22,76.132474,285.455033,173.118151,27.260921999999997
2012-06-25,74.650634,280.070407,172.367409,26.523901000000002
2012-06-26,74.81542900000001,282.058429,171.554099,26.657096999999997
2012-06-27,75.138474,284.366112,172.492533,26.790293
2012-06-28,74.425671,281.873596,171.062538,26.559419000000002
2012-06-29,76.380976,289.74574900000005,174.798393,27.163244
2012-07-02,77.495299,289.945546,175.021829,27.136604
2012-07-03,78.396436,293.621878,175.111195,27.3142
2012-07-05,79.773649,297.66285600000003,174.5392,27.260921999999997
2012-07-06,79.242643,292.697807,171.071484,26.808053
2012-07-09,80.290267,292.71280099999996,169.51636499999998,26.639337
2012-07-10,79.547387,290.55993,166.468696,26.408462
2012-07-11,79.053003,285.31016600000004,165.56601899999998,26.017751999999998
2012-07-12,78.329737,284.95552599999996,163.63553000000002,25.422806
2012-07-13,79.123627,287.972519,166.24526,26.09767
2012-07-16,79.377361,287.173333,165.154891,26.14207
2012-07-17,79.381279,288.077421,164.136024,26.337424
2012-07-18,79.29234699999999,290.090413,168.24725,27.038928000000002
2012-07-19,80.346509,296.234259,174.58389,27.234282
2012-07-20,79.036001,305.10542599999997,172.000971,26.745895
2012-07-23,78.974527,307.448087,170.553111,25.999993
2012-07-24,78.59392700000001,303.482052,170.115171,25.884555
2012-07-25,75.19994799999999,303.691825,170.776547,25.600403
2012-07-26,75.18817800000001,306.374161,173.341587,25.893435
2012-07-27,76.53268800000001,317.163394,175.522323,26.426221999999996
2012-07-30,77.823583,315.83471099999997,175.78150300000001,26.319664000000003
2012-07-31,79.880895,316.169369,175.155885,26.168708
2012-08-01,79.364278,316.02453199999997,174.440888,26.11543
2012-08-02,79.492451,314.06148199999996,173.78845900000002,25.920075
2012-08-03,80.526999,320.34520699999996,177.426002,26.417341999999998
2012-08-06,81.422904,321.089464,177.640492,26.594939
2012-08-07,81.208411,319.950602,178.68617,26.870210999999998
2012-08-08,81.071081,320.794742,178.64129499999999,26.932370000000002
2012-08-09,81.53343199999999,320.85469,178.093783,27.083326
2012-08-10,81.660844,320.679864,178.87465500000002,27.012288
2012-08-13,82.75105699999999,329.675885,178.62333999999998,26.985647999999998
2012-08-14,82.973043,333.996591,177.977096,26.932015000000003
2012-08-15,82.860075,333.437136,178.075828,26.994587
2012-08-16,83.583823,336.09949,180.265875,27.513026
2012-08-17,85.12982099999999,338.232347,180.606952,27.620288000000002
2012-08-20,87.368042,337.433161,179.960708,27.47727
2012-08-21,86.174058,334.421155,178.300218,27.530901
2012-08-22,87.856665,338.25233,177.04363999999998,27.298499
2012-08-23,87.037038,338.062509,175.65241899999998,27.048218
2012-08-24,87.114531,338.976604,177.510374,27.316375
2012-08-27,88.751162,334.27628799999997,175.643449,27.432578000000003
2012-08-28,88.63557800000001,338.287307,174.907443,27.378945
2012-08-29,88.460879,343.661926,175.09593700000002,27.396822999999998
2012-08-30,87.19990899999999,340.500096,173.561104,27.101848999999998
2012-08-31,87.379862,342.203371,174.889502,27.548778999999996
2012-09-04,88.65790600000001,340.18040299999996,174.611247,27.164419
2012-09-05,88.035306,340.020572,175.060027,27.164419
2012-09-06,88.828662,349.35125,178.70413,28.022526
2012-09-07,89.37639200000001,352.722883,179.063149,27.664982000000002
2012-09-10,87.05148100000001,350.035559,180.364607,27.459393
2012-09-11,86.769083,345.74983,182.446952,27.521964
2012-09-12,87.97751,345.095511,182.895732,27.513026
2012-09-13,89.71002800000001,352.667923,185.22040800000002,27.656043
2012-09-14,90.800241,354.486137,185.624308,27.897384000000002
2012-09-17,91.916724,354.635961,185.929475,27.897384000000002
2012-09-18,92.196499,358.78184100000004,185.857682,27.870569
2012-09-19,92.221458,363.387232,185.28323,27.754367
2012-09-20,91.774862,363.69691800000004,185.058841,28.111912
2012-09-21,91.957438,366.62899300000004,184.879331,27.879508
2012-09-24,90.735879,374.31631400000003,184.260013,27.513026
2012-09-25,88.470075,374.206424,183.981772,27.164419
2012-09-26,87.371978,376.354307,183.10216699999998,26.96777
2012-09-27,89.491984,377.87278,184.816509,26.958831
2012-09-28,87.624177,376.873766,186.198745,26.601287
2012-10-01,86.611458,380.510132,188.909379,26.359945
2012-10-02,86.86365,378.11753,188.34391200000002,26.511901
2012-10-03,88.19554699999999,380.869791,188.945275,26.690673999999998
2012-10-04,87.584767,383.642004,188.837573,26.84263
2012-10-05,85.718273,383.442207,189.01708200000002,26.681734999999996
2012-10-08,83.82419499999999,378.542094,188.325971,26.619165000000002
2012-10-09,83.51946099999999,371.673973,186.683435,26.172235
2012-10-10,84.18409399999999,371.90871699999997,184.735732,25.904076
2012-10-11,82.501488,375.365269,184.68186699999998,25.877260999999997
2012-10-12,82.71296600000001,372.003642,186.512897,26.100726
2012-10-15,83.376287,370.120523,187.52713,26.377822
2012-10-16,85.350489,371.978672,189.385085,26.359945
2012-10-17,84.67009300000001,377.368285,180.077396,26.449331
2012-10-18,83.097824,347.153456,174.988234,26.368884
2012-10-19,80.103025,340.555025,173.552133,25.600163000000002
2012-10-22,83.2804,338.99658700000003,174.48558899999998,25.028093
2012-10-23,80.565377,339.835739,171.658282,25.072785
2012-10-24,81.021163,338.312278,171.182576,24.938706
2012-10-25,80.06361600000001,338.542034,171.972433,24.920829
2012-10-26,79.335933,337.238352,173.47135600000001,25.215803
2012-10-31,78.195809,339.810768,174.602276,25.510778
2012-11-01,78.35605699999999,343.452123,176.953878,26.386761
2012-11-02,75.763191,343.616973,173.614955,26.368884
2012-11-05,76.79035400000001,341.13945099999995,174.252229,26.485084999999998
2012-11-06,76.557859,340.520079,175.086966,26.690673999999998
2012-11-07,73.62855400000001,333.227333,172.328416,25.993462
2012-11-08,70.956548,325.81973999999997,171.372841,25.752119
2012-11-09,72.185011,331.18438199999997,170.95815100000002,25.769997
2012-11-12,71.626859,332.61796699999996,170.606571,25.224742000000003
2012-11-13,71.63609699999999,329.19636099999997,169.768194,24.413657999999998
2012-11-14,70.841753,325.949612,167.235002,24.188357
2012-11-15,69.355985,323.30724100000003,167.541518,24.026139999999998
2012-11-16,69.627806,323.267275,168.52413700000002,23.899971
2012-11-19,74.648535,333.771793,171.598213,24.089223999999998
2012-11-20,74.012528,334.650911,170.56149399999998,24.071199
2012-11-21,74.116773,332.602972,171.54411299999998,24.28749
2012-11-23,75.409892,333.651927,174.428885,24.963394
2012-11-26,77.788965,330.245316,173.878977,24.684019
2012-11-27,77.16219699999999,335.020545,172.39151299999997,24.404646
2012-11-28,76.919409,341.494091,173.067629,24.656984
2012-11-29,77.76652800000001,345.600006,172.66196200000002,24.28749
2012-11-30,77.22816999999999,348.836748,171.345798,23.990092
2012-12-03,77.34825,347.27831000000003,170.81391000000002,23.818863
2012-12-04,75.98387199999999,345.17042299999997,170.705736,23.764791
2012-12-05,71.093779,343.567031,170.065673,24.035152
2012-12-06,72.208759,345.220364,171.012238,24.089223999999998
2012-12-07,70.362773,341.76381200000003,173.04058600000002,23.845898000000002
2012-12-10,69.910177,342.368221,173.64458100000002,24.278478
2012-12-11,71.436852,348.092491,175.06893300000002,24.620935
2012-12-12,71.121488,348.432167,173.942074,24.548839
2012-12-13,69.893024,350.999595,173.076653,24.431683
2012-12-14,67.26720300000001,350.62996,172.869301,24.16132
2012-12-17,68.460037,360.030593,174.546069,24.42267
2012-12-18,70.448541,360.17543,176.412155,24.837224
2012-12-19,69.44703100000001,359.69593599999996,175.862247,24.611923
2012-12-20,68.8427,360.819804,175.582788,24.94537
2012-12-21,68.52601800000001,357.458146,174.365774,24.738093
2012-12-24,68.636852,354.396199,173.44625200000002,24.386620999999998
2012-12-26,67.690766,354.081525,173.04058600000002,24.206381
2012-12-27,67.962587,352.792807,173.725725,24.296501
2012-12-28,67.240812,349.655948,171.129436,23.927006
2012-12-31,70.220263,353.337268,172.679996,24.071199
2013-01-02,72.444952,361.264351,177.00714,24.891298000000003
2013-01-03,71.530534,361.474154,176.033532,24.557851
2013-01-04,69.538077,368.61701400000004,174.879629,24.098236
2013-01-07,69.12903100000001,367.008634,174.113358,24.053176
2013-01-08,69.315084,366.284329,173.869953,23.927006
2013-01-09,68.23176600000001,368.69192599999997,173.374146,24.062189
2013-01-10,69.077567,370.37026099999997,173.878977,23.845898000000002
2013-01-11,68.654011,369.626004,175.294305,24.179345
2013-01-14,66.206322,361.264351,173.64458100000002,24.233416000000002
2013-01-15,64.117541,362.103533,173.536407,24.521801999999997
2013-01-16,66.778984,357.238367,173.617537,24.368599
2013-01-17,66.329038,355.30530600000003,174.573112,24.557851
2013-01-18,65.975408,351.90371400000004,175.31233899999998,24.557851
2013-01-22,66.604812,351.084514,176.763735,24.46773
2013-01-23,67.824038,370.380268,184.55258899999998,24.882285999999997
2013-01-24,59.443838,376.728929,184.28214,24.900308
2013-01-25,58.042524,376.45917799999995,184.777961,25.12561
2013-01-28,59.355433999999995,374.990647,184.741894,25.152646
2013-01-29,60.46909599999999,376.464197,183.813362,25.242767
2013-01-30,60.279090000000004,376.539109,183.470806,25.098575
2013-01-31,60.102275,377.468168,183.06513999999999,24.738093
2013-02-01,59.855527,387.413261,184.967266,25.170671
2013-02-04,58.364484,379.131508,183.714198,24.72908
2013-02-05,60.412362,382.488177,182.81271,24.783151999999998
2013-02-06,60.347706,384.700966,181.979856,24.63896
2013-02-07,62.142077,386.589073,180.82109499999999,24.584888
2013-02-08,63.039262,392.29339100000004,182.57733100000002,24.828212
2013-02-11,63.696228000000005,390.819841,181.201312,25.107587
2013-02-12,62.09960600000001,389.96070699999996,181.092669,25.12561
2013-02-13,61.981483999999995,391.039621,181.137936,25.260792000000002
2013-02-14,61.925743999999995,393.517173,180.739609,25.269804
2013-02-15,61.072355,396.049623,181.94363700000002,25.242767
2013-02-19,61.04979399999999,403.022676,181.34616100000002,25.488106
2013-02-20,59.571293000000004,395.834832,180.431817,25.324548
2013-02-21,59.20100600000001,397.3683,179.544644,24.979253
2013-02-22,59.831423,399.456234,182.043218,25.224594
2013-02-25,58.768336,394.99069199999997,178.80230600000002,24.870214
2013-02-26,59.587219999999995,394.670999,180.27792,24.870214
2013-02-27,59.00325,399.491181,183.165773,25.270026
2013-02-28,58.582531,400.200491,181.80785,25.260939
2013-03-01,57.131904000000006,402.69300699999997,183.69083899999998,25.397241
2013-03-04,55.74896,410.34036299999997,185.754881,25.578973
2013-03-05,57.220822999999996,418.88183,186.96795600000002,25.760707
2013-03-06,56.49351899999999,415.27542200000005,188.64273400000002,25.524454000000002
2013-03-07,57.146502000000005,415.884819,189.584222,25.569886
2013-03-08,57.297802000000004,415.345377,190.453299,25.442673000000003
2013-03-11,58.114028000000005,416.993723,190.181711,25.324548
2013-03-12,56.861153,413.39230299999997,190.607195,25.360893
2013-03-13,56.850535,412.243465,191.974166,25.369979999999998
2013-03-14,57.401323,410.360345,195.359927,25.569886
2013-03-15,58.882478000000006,406.743962,194.563274,25.479021
2013-03-18,60.48308000000001,403.492194,193.015249,25.53354
2013-03-19,60.319829000000006,405.255448,193.22346000000002,25.606234
2013-03-20,59.999976000000004,406.94874599999997,194.690013,25.733447
2013-03-21,60.08624399999999,405.225458,192.15521999999999,25.542627
2013-03-22,61.304615000000005,404.750953,191.992276,25.66984
2013-03-25,61.526256999999994,404.416265,190.779201,25.588060000000002
2013-03-26,61.20242,405.804896,192.245754,25.588060000000002
2013-03-27,59.999976000000004,400.929754,190.914988,25.778881
2013-03-28,58.74975799999999,396.698985,193.096721,25.996961
2013-04-01,56.924859999999995,400.195503,192.263863,25.996961
2013-04-02,57.041652,406.114582,194.056318,26.169605999999998
2013-04-03,57.333636,402.697995,192.517341,25.951526
2013-04-04,56.766920999999996,397.13854399999997,191.295205,25.987873999999998
2013-04-05,56.167028,391.134546,189.575174,26.078741
2013-04-08,56.566515,387.038638,189.493702,25.978787
2013-04-09,56.66871,388.437215,189.403168,26.905628000000004
2013-04-10,57.8247,394.69597000000005,191.919852,27.514435
2013-04-11,57.6442,394.800871,192.75271,26.296821
2013-04-12,57.042981000000005,394.631034,191.35858100000002,26.160521
2013-04-15,55.722418999999995,390.57509100000004,189.439373,26.069654
2013-04-16,56.570499,396.289386,191.919852,26.32408
2013-04-17,53.459545999999996,390.889796,189.810542,26.196867
2013-04-18,52.032804999999996,382.573096,187.529227,26.160521
2013-04-19,51.831072999999996,399.536135,172.003641,27.051014000000002
2013-04-22,52.911413,399.656031,170.03918000000002,28.014201
2013-04-23,53.9015,403.547154,173.46114599999999,27.805208
2013-04-24,53.812578,406.319367,173.551679,28.859261
2013-04-25,54.200122,404.146544,175.57950300000002,29.022821999999998
2013-04-26,55.370709,400.310381,175.905405,28.886521999999996
2013-04-29,57.085449,409.121569,180.286968,29.631628000000003
2013-04-30,58.765682,411.87383,183.355875,30.076873
2013-05-01,58.302491,409.805909,180.72151399999998,29.731582
2013-05-02,59.129335,414.391317,183.22008799999998,30.131395
2013-05-03,59.72126899999999,422.438296,185.139282,30.431256
2013-05-06,61.145348,430.345396,183.573147,30.667508
2013-05-07,60.873275,428.187537,184.34264299999998,30.267696
2013-05-08,61.560761,436.379383,186.289035,29.976923
2013-05-09,61.023689000000005,435.30542699999995,184.85198300000002,29.677061
2013-05-10,60.516018,439.676074,185.970695,29.704320000000003
2013-05-13,60.752491000000006,438.32743899999997,184.151644,30.013267
2013-05-14,59.29894,443.10765599999996,184.824698,30.681245
2013-05-15,57.293629,457.488302,184.924746,30.974057000000002
2013-05-16,58.059148,451.484304,186.170792,31.184519
2013-05-17,57.882798,454.136651,189.581513,31.907396999999996
2013-05-20,59.174693000000005,453.81197000000003,188.817515,32.099557
2013-05-21,58.737825,453.03273499999995,189.772505,31.889095
2013-05-22,58.963606000000006,444.266501,188.26270300000002,31.669488
2013-05-23,59.069148999999996,440.95481500000005,187.50779599999998,31.248571000000002
2013-05-24,59.471281000000005,436.22450999999995,187.107602,31.358375
2013-05-28,58.975632,440.195564,188.981223,32.044654
2013-05-29,59.444559999999996,433.722018,189.108556,31.916549
2013-05-30,60.330318000000005,434.945799,190.418275,32.053803
2013-05-31,60.083164000000004,435.17558499999996,189.199514,31.93485
2013-06-03,60.215424,433.382372,190.045366,32.566226
2013-06-04,60.027048,429.121615,187.53508,32.017204
2013-06-05,59.465937,429.421325,184.39722,31.825043
2013-06-06,58.577507,431.88884,185.361315,31.98975
2013-06-07,59.025063,439.42633600000005,187.680608,32.639427000000005
2013-06-10,58.634954,444.66609400000004,186.47093700000002,32.456421999999996
2013-06-11,58.462614,439.466301,185.525023,31.879946999999998
2013-06-12,57.73984599999999,435.555195,182.996543,32.026353
2013-06-13,58.243511,438.062675,185.33403,31.770143
2013-06-14,57.453947,437.083675,183.906068,31.477331
2013-06-17,57.714464,442.683092,184.670066,32.026353
2013-06-18,57.683733999999994,449.860899,186.3345,32.008051
2013-06-19,56.512077000000005,449.89088799999996,183.66959599999998,31.651187
2013-06-20,55.689114000000004,441.928828,179.494877,30.644646
2013-06-21,55.242895999999995,440.02572599999996,177.775875,30.443336
2013-06-24,53.778656999999995,434.461287,176.029573,30.855103999999997
2013-06-25,53.79068,432.66807400000005,177.339292,30.80935
2013-06-26,53.181472,436.389359,177.230154,31.431576
2013-06-27,52.608334,438.09765300000004,177.94867299999999,31.678637
2013-06-28,52.975733,439.74599800000004,173.819433,31.605435999999997
2013-07-01,54.671093000000006,443.49727300000006,173.974051,31.440728000000004
2013-07-02,55.909551,440.715053,174.174147,31.056409999999996
2013-07-03,56.218161,442.772999,175.765817,31.120463
2013-07-05,55.766599,446.299475,177.293813,31.303471000000002
2013-07-08,55.449973,452.09367000000003,177.339292,31.413278000000002
2013-07-09,56.425238,452.168613,173.992245,31.431576
2013-07-10,56.208811,452.543235,174.856291,31.751842
2013-07-11,57.085214,459.661125,175.356533,32.657728000000006
2013-07-12,56.981007999999996,461.03974900000003,174.692584,32.639427000000005
2013-07-15,57.105256000000004,461.88392000000005,176.44796100000002,33.096946
2013-07-16,57.473985,459.34645,176.31153799999998,33.188452000000005
2013-07-17,57.488682999999995,458.816985,176.948203,32.703483
2013-07-18,57.6824,454.885896,180.076973,32.428968
2013-07-19,56.77259399999999,447.85292599999997,176.029573,28.732213
2013-07-22,56.954288,454.895872,176.52981499999999,29.290384999999997
2013-07-23,55.976348,451.449326,177.339292,29.116528999999996
2013-07-24,58.851385,450.99976100000003,178.821824,29.244634
2013-07-25,58.582851,443.407366,179.37663500000002,28.723063
2013-07-26,58.915513,442.233526,179.494877,28.933522999999997
2013-07-29,59.823981,440.695071,178.458019,28.86032
2013-07-30,60.562780000000004,445.015746,178.276103,29.143981
2013-07-31,60.457234,443.432337,177.393862,29.134831
2013-08-01,61.011667,451.65913,178.0942,28.979274
2013-08-02,61.794553,452.83293899999995,177.50301399999998,29.180582
2013-08-05,62.717718999999995,452.048716,177.81225,29.006726
2013-08-06,62.156606999999994,447.83793099999997,173.710294,28.89692
2013-08-07,62.120532999999995,444.880885,172.35745500000002,29.336140000000004
2013-08-08,61.996811,445.884887,171.781585,30.09562
2013-08-09,61.114614,444.76098899999994,171.68105,29.921764000000003
2013-08-12,62.850761999999996,442.313457,172.841912,30.077319
2013-08-13,65.83756600000001,440.185557,172.229485,29.699510999999998
2013-08-14,67.03848,434.47126299999996,171.415961,29.810089
2013-08-15,66.959133,429.401342,169.825471,29.294058000000003
2013-08-16,67.553539,428.02770599999997,169.414141,29.303271999999996
2013-08-19,68.281079,432.393335,168.39952,28.925462
2013-08-20,67.38409399999999,432.278457,168.701166,29.137406
2013-08-21,67.557576,434.231501,168.97539,29.128190999999998
2013-08-22,67.63825899999999,436.419318,169.277036,29.846949
2013-08-23,67.377371,434.67109000000005,169.487269,32.021658
2013-08-26,67.639609,432.76296900000006,168.86570600000002,31.468767
2013-08-27,65.705776,424.65108399999997,167.037562,30.648640999999998
2013-08-28,66.01642700000001,423.85186699999997,166.507398,30.427487
2013-08-29,66.124014,427.288437,166.946149,30.915872999999998
2013-08-30,65.52154300000001,423.02770999999996,166.607947,30.777652000000003
2013-09-03,65.704433,429.76097000000004,168.15273100000002,29.376990999999997
2013-09-04,67.06403399999999,435.38037,167.394049,28.750381
2013-09-05,66.604104,439.341417,168.326393,28.778025
2013-09-06,67.000825,439.351393,167.302636,28.704306
2013-09-09,68.069942,443.582192,169.085075,29.174264
2013-09-10,66.519385,443.891878,170.56588100000002,29.846949
2013-09-11,62.897826,447.64811,174.313569,30.169471
2013-09-12,63.56754300000001,446.084684,174.34098999999998,30.123394
2013-09-13,62.519936,444.091675,175.65725600000002,30.4367
2013-09-16,60.532317000000006,443.437325,176.553043,30.224758
2013-09-17,61.23161700000001,442.613137,175.64812,30.344553
2013-09-18,62.490353000000006,451.20956399999994,177.713918,30.703932000000002
2013-09-19,63.515092,448.747038,176.772425,30.998807
2013-09-20,62.857484,451.104663,173.692006,30.215545000000002
2013-09-23,65.981465,442.807945,174.578657,30.169471
2013-09-24,65.774364,442.977783,173.6463,29.902239
2013-09-25,64.756348,438.17758399999997,173.18926399999998,29.957526
2013-09-26,65.387059,438.64710099999996,173.874818,30.197115000000004
2013-09-27,64.92041400000001,437.758008,170.858377,30.657858
2013-09-30,64.113528,437.518246,169.267886,30.667071000000004
2013-10-01,65.621057,443.057714,170.36478400000001,30.94352
2013-10-02,65.836223,443.55220199999997,169.066803,31.256821999999996
2013-10-03,65.00917,437.608153,168.061318,31.201534999999996
2013-10-04,64.958069,435.73999699999996,168.2807,31.219965999999996
2013-10-07,65.59281700000001,432.43831900000004,166.370279,30.685502000000003
2013-10-08,64.677001,426.40931900000004,163.362987,30.41827
2013-10-09,65.43681600000001,427.50322800000004,165.73958100000002,30.47356
2013-10-10,65.846982,433.687071,168.893127,31.109384999999996
2013-10-11,66.273285,435.560183,170.163687,31.450337
2013-10-14,66.707655,437.618129,170.904083,31.745213
2013-10-15,67.06268399999999,440.56519800000007,168.79257900000002,31.782072999999997
2013-10-16,67.389473,448.567193,170.684701,31.920294000000002
2013-10-17,67.84536,443.951796,159.807247,32.178309000000006
2013-10-18,68.43573,505.20065300000005,158.847469,32.215169
2013-10-21,70.11270400000001,501.149699,158.006524,32.242816
2013-10-22,69.91232600000001,502.997872,159.935217,31.865007000000002
2013-10-23,70.59683100000001,515.1907,160.66647700000001,31.109384999999996
2013-10-24,71.531471,512.263613,162.522043,31.072528000000002
2013-10-25,70.731314,507.09378,161.65367700000002,32.924714
2013-10-28,71.258475,506.993866,162.11071299999998,32.777277000000005
2013-10-29,69.483336,517.603255,166.470827,32.731203
2013-10-30,70.58876500000001,514.6961809999999,164.670104,32.749633
2013-10-31,70.292901,514.776112,163.81088799999998,32.629839000000004
2013-11-01,69.93384300000001,513.00787,163.829159,32.740415999999996
2013-11-04,70.837551,512.543341,164.779802,33.118226
2013-11-05,70.662726,510.25062199999996,162.567749,33.763267
2013-11-06,70.46253,510.86500599999994,164.67221,35.182357
2013-11-07,69.322243,503.47237699999994,165.416583,34.555746
2013-11-08,70.413833,507.50836699999996,165.407398,34.813761
2013-11-11,70.209583,504.791084,168.063253,34.63868
2013-11-12,70.339434,505.385486,168.237861,34.426738
2013-11-13,70.423304,515.7201660000001,168.678968,35.163927
2013-11-14,71.44185300000001,517.09876,167.447537,35.034919
2013-11-15,71.013061,516.264626,168.348135,34.869051
2013-11-18,70.152767,515.2605940000001,169.524429,34.279301000000004
2013-11-19,70.277214,512.088788,170.241233,34.112176
2013-11-20,69.661754,510.645227,170.186097,34.427858
2013-11-21,70.492286,516.5193519999999,169.211979,34.724969
2013-11-22,70.311029,515.430432,166.611261,34.882809
2013-11-25,70.843977,522.4434809999999,164.442465,34.947802
2013-11-26,72.150639,528.677234,162.944522,34.678543
2013-11-27,73.849577,531.024914,164.470033,34.910662
2013-11-29,75.217109,529.266617,165.122502,35.402756
2013-12-02,74.562431,526.714214,163.10074699999998,35.699868
2013-12-03,76.60358199999999,526.104818,161.814179,35.569882
2013-12-04,76.425035,528.5623559999999,161.501729,36.154818
2013-12-05,76.81730300000001,528.14275,161.814179,35.282053000000005
2013-12-06,75.751408,534.401535,163.275355,35.616305
2013-12-09,76.618463,538.53242,163.082377,35.94127
2013-12-10,76.499427,541.789145,162.769913,35.384186
2013-12-11,75.932664,538.107795,161.005471,34.919948
2013-12-12,75.821747,534.446458,159.323734,34.557844
2013-12-13,74.995276,529.866038,158.799922,34.065749
2013-12-16,75.410545,535.954985,163.440779,34.251445000000004
2013-12-17,75.071026,534.396516,161.520098,33.90791
2013-12-18,74.500203,541.834068,164.221905,33.96362
2013-12-19,73.64667800000001,542.5683799999999,165.61876,33.657222
2013-12-20,74.263489,549.7611820000001,165.434966,34.167882
2013-12-23,77.113536,556.993949,167.46590700000002,34.000757
2013-12-24,76.78618900000001,555.365586,168.37570300000002,34.427858
2013-12-26,76.27624300000001,558.172777,170.33313700000002,34.762106
2013-12-27,75.760878,558.642325,170.08500800000002,34.622837
2013-12-30,75.007448,554.176782,171.307254,34.622837
2013-12-31,75.886676,559.796182,172.373276,34.734253
2014-01-02,74.81943000000001,556.004972,170.498547,34.502134000000005
2014-01-03,73.175958,551.9489990000001,171.51861599999998,34.270015
2014-01-06,73.574988,558.102883,170.930469,33.545806
2014-01-07,73.04880899999999,568.862096,174.33989499999998,33.805778000000004
2014-01-08,73.51141700000001,570.045943,172.740863,33.202267
2014-01-09,72.57267,564.556416,172.198667,32.988719
2014-01-10,72.08841899999999,564.526426,172.08838,33.462243
2014-01-13,72.465814,560.930026,169.239547,32.478058000000004
2014-01-14,73.90774499999999,574.126886,170.856949,33.220837
2014-01-15,75.391604,573.7372690000001,172.529501,34.130742
2014-01-16,74.97093100000001,577.533436,173.466851,34.251445000000004
2014-01-17,73.134023,574.6912990000001,174.689098,33.777924
2014-01-21,74.27025,581.2697469999999,173.163586,33.582941999999996
2014-01-22,74.60029899999999,581.929085,167.48429,33.36011
2014-01-23,75.23199,579.471546,167.925397,33.480813
2014-01-24,73.864459,561.35459,165.085749,34.177169
2014-01-27,74.463686,550.0658490000001,163.486717,33.452956
2014-01-28,68.511996,560.94502,162.521798,33.675792
2014-01-29,67.73422099999999,552.908048,162.108246,34.037896
2014-01-30,67.60301199999999,567.128832,162.990474,34.223592
2014-01-31,67.71392900000001,589.8961019999999,162.36555900000002,35.133497
2014-02-03,67.839727,566.1498320000001,158.89181200000002,33.870771000000005
2014-02-04,68.821759,568.5124450000001,158.836675,33.750068
2014-02-05,69.335766,571.029962,160.123257,33.257977000000004
2014-02-06,69.73990400000001,579.401591,161.398404,33.592228999999996
2014-02-07,70.715562,588.1328490000001,163.782375,33.94505
2014-02-10,71.982424,585.880095,163.680732,34.167882
2014-02-11,72.93086600000001,594.496536,166.04621799999998,34.511417
2014-02-12,72.925423,592.753234,166.545197,34.789962
2014-02-13,74.083422,599.3516950000001,168.023619,34.919948
2014-02-14,74.023555,600.800244,169.733059,34.929232
2014-02-18,74.295704,604.836204,169.27105,35.004065000000004
2014-02-19,73.122734,600.570489,169.04928,35.088255
2014-02-20,72.27634499999999,601.454563,170.259743,35.312761
2014-02-21,71.473502,601.294763,168.901434,35.527910999999996
2014-02-24,71.786478,605.6503849999999,169.51129,35.256634000000005
2014-02-25,71.039424,609.391653,169.308005,35.11632
2014-02-26,70.39850799999999,609.476541,170.074942,35.05084
2014-02-27,71.802807,608.997078,171.193011,35.415659999999995
2014-02-28,71.608214,607.21883,171.100604,35.836607
2014-03-03,71.815053,600.745284,170.259743,35.340823
2014-03-04,72.288591,606.8491650000001,172.274112,35.93015
2014-03-05,72.440998,608.522511,172.920922,35.649519
2014-03-06,72.221914,609.196844,173.382932,35.686938
2014-03-07,72.179735,606.7892469999999,173.41988600000002,35.453078000000005
2014-03-10,72.245046,605.180837,172.227908,35.378240999999996
2014-03-11,72.948554,599.396618,172.56979099999998,35.565329999999996
2014-03-12,73.019315,603.047979,172.070827,35.799189
2014-03-13,72.20831,593.9370809999999,169.927096,35.443721999999994
2014-03-14,71.39729799999999,585.8152200000001,168.365515,35.26599
2014-03-17,71.67625600000001,595.4555839999999,171.691975,35.593392
2014-03-18,72.310363,605.0259940000001,172.615994,36.996548
2014-03-19,72.29131600000001,599.027014,170.67556299999998,36.734626
2014-03-20,71.942963,597.983016,173.623172,37.726191
2014-03-21,72.51039300000001,590.930063,172.48663200000001,37.567165
2014-03-24,73.370393,578.3875830000001,173.946584,37.885214000000005
2014-03-25,74.159626,578.782219,180.220667,37.735544
2014-03-26,73.45067399999999,565.420539,177.984543,37.221053999999995
2014-03-27,73.13498,558.462551,175.40653600000002,36.818816
2014-03-28,73.053333,559.992565,175.979423,37.698126
2014-03-31,73.037003,556.9725030000001,177.86443,38.343579999999996
2014-04-01,73.705135,567.162558,179.721703,38.745815
2014-04-02,73.827602,567.002574,178.843888,38.680334
2014-04-03,73.315962,569.742571,178.049231,38.362285
2014-04-04,72.36752,543.1424599999999,177.199135,37.295887
2014-04-07,71.231286,538.1524559999999,179.74018700000002,37.230407
2014-04-08,71.227209,554.902495,178.603634,37.249116
2014-04-09,72.16340600000001,564.142557,181.699103,37.857152
2014-04-10,71.232652,540.952433,180.812039,36.818816
2014-04-11,70.70604200000001,530.602392,180.359278,36.678499
2014-04-14,70.987711,532.522392,182.743249,36.650437
2014-04-15,70.481514,536.442444,182.05023500000001,37.183636
2014-04-16,70.62439499999999,556.54249,181.477334,37.791672
2014-04-17,71.43132299999999,536.1024,175.572852,37.426848
2014-04-21,72.279071,528.6224139999999,177.661145,37.361368
2014-04-22,72.35119,534.812425,177.550253,37.408142
2014-04-23,71.405466,526.942391,177.16216599999998,37.127508
2014-04-24,77.259421,525.162363,175.766903,37.286535
2014-04-25,77.826851,516.1823519999999,175.221735,37.333306
2014-04-28,80.84092199999999,517.1523589999999,178.46503700000002,38.231325
2014-04-29,80.601425,527.70241,180.285355,37.894566999999995
2014-04-30,80.296616,526.662388,181.542022,37.791672
2014-05-01,80.48576700000001,531.352435,178.825403,37.417495
2014-05-02,80.63545,527.932411,176.894207,37.127508
2014-05-05,81.77575300000001,527.812392,176.727876,36.884296
2014-05-06,80.884468,515.14233,175.591337,36.538185
2014-05-07,80.601425,509.962321,175.935214,36.87494
2014-05-08,80.457751,511.002313,175.572749,37.080737
2014-05-09,80.122506,518.732375,176.660144,36.987195
2014-05-12,81.12003399999999,529.922427,178.974352,37.389433000000004
2014-05-13,81.247292,533.092437,178.621176,38.077119
2014-05-14,81.262339,526.652412,175.39616,37.907556
2014-05-15,80.571322,519.9823240000001,173.295724,37.304649
2014-05-16,81.760423,520.6323620000001,173.853355,37.521321
2014-05-19,82.729217,528.862391,173.797593,37.445956
2014-05-20,82.745638,529.772418,171.83656100000002,37.380014
2014-05-21,82.964572,538.9424650000001,173.230659,38.011177
2014-05-22,83.095929,545.062459,172.57078,37.775667
2014-05-23,84.034622,552.702492,172.812433,37.794509000000005
2014-05-27,85.608231,565.952575,171.734327,37.860451
2014-05-28,85.386556,561.682564,170.154351,37.690884000000004
2014-05-29,86.94237,560.082534,170.786336,38.001758
2014-05-30,86.61670600000001,559.892559,171.343981,38.566978000000006
2014-06-02,86.02147099999999,553.932488,172.580083,38.425675
2014-06-03,87.237933,544.94244,171.35327,37.954657
2014-06-04,88.234095,544.6624360000001,171.483385,37.982917
2014-06-05,88.580287,553.902499,172.849602,38.821329
2014-06-06,88.336725,556.332503,173.212067,39.075679
2014-06-09,89.750227,562.1225519999999,173.07266299999998,38.877852000000004
2014-06-10,90.277046,560.552511,171.27891599999998,38.727126
2014-06-11,89.903486,558.842499,169.382948,38.491617
2014-06-12,88.39966700000001,551.352476,168.425669,38.227848
2014-06-13,87.43224000000001,551.762475,169.67106,38.84017
2014-06-16,88.313457,544.282488,169.47589399999998,39.09452
2014-06-17,88.198521,543.012465,169.39223700000002,39.264086999999996
2014-06-18,88.294304,553.372481,170.637643,39.235827
2014-06-19,87.98779300000001,554.902495,169.912713,39.103939000000004
2014-06-20,87.077842,556.362492,168.732372,39.264086999999996
2014-06-23,87.001212,564.952579,169.280714,39.55612
2014-06-24,86.47439399999999,564.622572,168.109677,39.330028999999996
2014-06-25,86.551023,578.6526269999999,167.960969,39.593798
2014-06-26,87.06826099999999,576.002598,167.635674,39.301769
2014-06-27,88.102737,577.2426320000001,168.881079,39.801048
2014-06-30,89.012689,575.282606,168.472142,39.282928000000005
2014-07-01,89.577815,582.672624,173.19349,39.443073
2014-07-02,89.539507,582.3376599999999,175.089457,39.471336
2014-07-03,90.066319,584.7326559999999,175.219572,39.37713
2014-07-07,91.924543,582.252649,174.764162,39.55612
2014-07-08,91.330676,571.092587,174.00206200000002,39.358289
2014-07-09,91.36899100000001,576.08259,175.117338,39.254665
2014-07-10,91.033746,571.102563,174.44817,39.273506
2014-07-11,91.206158,579.182645,174.726992,39.650321999999996
2014-07-14,92.38430600000001,584.872627,176.455675,39.697423
2014-07-15,91.30194200000001,584.782659,175.182403,39.989456
2014-07-16,90.784704,582.662648,178.779172,41.524976
2014-07-17,89.16594,573.732579,178.899998,41.948890000000006
2014-07-18,90.44945899999999,595.0826959999999,178.909287,42.099616
2014-07-21,89.98011600000001,589.472645,177.375785,42.240922999999995
2014-07-22,90.727235,594.742713,180.38702800000002,42.231504
2014-07-23,93.093117,595.9826860000001,179.95951200000002,42.269183
2014-07-24,92.939858,593.352671,181.45584499999998,41.826428
2014-07-25,93.55288,589.0226809999999,180.675139,41.920629999999996
2014-07-28,94.84597099999999,590.6026969999999,181.95771399999998,41.421352
2014-07-29,94.23295,585.612633,180.83315,41.345987
2014-07-30,94.012649,587.42265,180.30338500000002,41.053958
2014-07-31,91.570137,571.602592,178.137884,40.658301
2014-08-01,92.077795,566.072533,175.795795,40.375690000000006
2014-08-04,91.56055699999999,573.1526190000001,176.251206,40.856128000000005
2014-08-05,91.110375,565.072537,173.890539,40.58294
2014-08-06,90.957116,566.376589,173.86248700000002,40.262646999999994
2014-08-07,90.947498,563.362525,172.301213,40.724243
2014-08-08,91.197772,568.772565,174.479521,40.695983
2014-08-11,92.401035,567.8825509999999,175.26483000000002,40.695983
2014-08-12,92.381786,562.732562,175.14328899999998,40.997434999999996
2014-08-13,93.604299,574.782577,175.713576,41.524976
2014-08-14,93.85458,574.652582,175.64813999999998,41.703962
2014-08-15,94.316637,573.482626,175.180693,42.193821
2014-08-18,95.45251800000001,582.1626190000001,177.031782,42.495273
2014-08-19,96.771291,586.8626429999999,177.695563,42.969233
2014-08-20,96.80979599999999,584.492618,177.723609,42.609021999999996
2014-08-21,96.819424,583.372664,178.780031,42.864961
2014-08-22,97.531754,582.562642,178.013424,42.798607000000004
2014-08-25,97.74353,580.202654,178.714596,42.817562
2014-08-26,97.11783100000001,577.862619,180.425456,42.665895
2014-08-27,98.31146700000001,571.002557,179.733628,42.533187
2014-08-28,98.42698299999999,569.2025769999999,179.499905,42.542668
2014-08-29,98.667636,571.602592,179.780376,43.064023
2014-09-02,99.437727,577.332601,179.088548,42.74173
2014-09-03,95.24074300000001,577.942611,179.453157,42.6185
2014-09-04,94.451402,581.982621,178.265836,42.902875
2014-09-05,95.26961999999999,586.082672,178.75198600000002,43.519025
2014-09-08,94.682426,589.722659,177.760999,44.049861
2014-09-09,94.326258,581.012615,177.62077,44.324754999999996
2014-09-10,97.22371899999999,583.1026360000001,179.069847,44.400591
2014-09-11,97.637642,581.352659,179.238135,44.552258
2014-09-12,97.85904599999999,575.622589,178.82677900000002,44.267883000000005
2014-09-15,97.830161,573.102616,179.322272,43.83184
2014-09-16,97.088954,579.9526400000001,180.39741,44.324754999999996
2014-09-17,97.782035,584.772622,180.247824,44.097257
2014-09-18,97.984183,589.272695,181.13597099999998,44.248924
2014-09-19,97.185214,596.082692,181.369695,45.045177
2014-09-22,97.28147299999999,587.372648,180.53763899999998,44.609134000000005
2014-09-23,98.802401,581.1326339999999,179.14463999999998,44.135174
2014-09-24,97.945677,587.992634,179.78972,44.628093
2014-09-25,94.21074899999999,575.0625809999999,176.704562,43.642255
2014-09-26,96.98306600000001,577.1026,177.686205,43.992985
2014-09-29,96.366996,576.3625940000001,177.293551,44.021421000000004
2014-09-30,96.98306600000001,577.3625900000001,177.471183,43.945589
2014-10-01,95.471767,568.272597,174.98435800000001,43.509547
2014-10-02,96.16484799999999,570.082554,174.741291,43.376835
2014-10-03,95.895318,575.282606,176.386701,43.689651
2014-10-06,95.895318,577.352614,176.732608,43.689651
2014-10-07,95.05784399999999,563.742534,173.619419,43.158814
2014-10-08,97.0312,572.5025820000001,177.031782,44.343714
2014-10-09,97.242968,560.882518,174.283187,43.462148
2014-10-10,96.963817,544.492476,173.825083,41.736933
2014-10-13,96.078209,533.212394,171.57199599999998,41.376726
2014-10-14,95.05784399999999,537.942408,171.833766,41.452558
2014-10-15,93.893086,530.032409,169.917227,40.969120000000004
2014-10-16,92.660945,524.512387,168.131574,40.514119
2014-10-17,94.018222,511.172305,170.197699,41.357766999999996
2014-10-20,96.03008299999999,520.842349,158.090807,41.784332
2014-10-21,98.638758,526.542369,152.60296200000002,42.542668
2014-10-22,99.139313,532.7124269999999,151.25671,42.068708
2014-10-23,100.910521,543.982471,151.621319,42.675376
2014-10-24,101.285939,539.782415,151.527838,43.727568
2014-10-27,101.180051,540.772435,151.331504,43.519025
2014-10-28,102.749105,548.902458,152.948883,44.06882
2014-10-29,103.32667,549.3324700000001,152.817998,44.192046999999995
2014-10-30,102.980136,550.312514,153.650054,43.651733
2014-10-31,103.961997,559.082538,153.696788,44.504863
2014-11-03,105.30965400000001,555.222525,153.659398,44.969342
2014-11-04,104.539562,554.112486,152.060721,45.092572
2014-11-05,104.789843,545.9224839999999,151.28477,45.367470000000004
2014-11-06,105.089541,542.042458,151.981328,46.163723
2014-11-07,105.38924899999999,541.012473,152.555518,46.144764
2014-11-10,105.215228,547.492463,153.892154,46.343827000000005
2014-11-11,106.056326,550.292501,153.71330600000002,46.324868
2014-11-12,107.554846,547.3124650000001,152.414315,46.239554999999996
2014-11-13,109.072698,545.3824900000001,153.233237,47.026331
2014-11-14,110.387527,544.4024459999999,154.522819,46.997894
2014-11-17,110.20383500000001,536.5123990000001,154.522819,46.884141
2014-11-18,111.63468,535.032449,152.386078,46.493046
2014-11-19,110.861249,536.992415,151.953076,45.997018
2014-11-20,112.446776,534.832438,151.20946,46.454889
2014-11-21,112.60146599999999,537.502419,151.473021,45.768081
2014-11-24,114.689718,539.272471,152.630809,45.39606
2014-11-25,113.69393000000001,541.082428,152.26370500000002,45.281594
2014-11-26,115.047431,540.372473,152.442553,45.548684
2014-11-28,114.97975600000001,541.8324709999999,152.64963899999998,45.605919
2014-12-01,111.247965,533.8023910000001,152.05661899999998,46.378575
2014-12-02,110.822577,533.752389,153.12028600000002,46.225952
2014-12-03,112.079401,531.3223839999999,154.86168500000002,45.863473
2014-12-04,111.65401299999999,537.312445,154.419276,46.588434
2014-12-05,111.18028999999999,525.262369,153.685068,46.187795
2014-12-08,108.66665,526.982357,152.35783999999998,45.50099
2014-12-09,110.329522,533.37244,153.42150700000002,45.39606
2014-12-10,108.23159299999999,526.062353,151.087088,44.737871000000005
2014-12-11,107.912559,528.34241,151.614224,44.995421
2014-12-12,106.08533600000001,518.662359,146.258259,44.785565999999996
2014-12-15,104.63515799999999,513.8023509999999,144.07445,44.518471000000005
2014-12-16,103.204313,495.392242,142.521321,43.078084999999994
2014-12-17,105.77596499999999,504.89229500000005,143.010784,43.631347999999996
2014-12-18,108.90834699999999,511.102319,148.423224,45.329288
2014-12-19,108.067241,516.352313,149.2045,45.462833
2014-12-22,109.18871499999999,524.872383,151.962498,45.768081
2014-12-23,108.802,530.5924160000001,152.71553600000001,46.216414
2014-12-24,108.28960500000001,528.772422,152.32019499999998,45.920704
2014-12-26,110.20383500000001,534.032392,152.80965700000002,45.672692
2014-12-29,110.126498,530.3324259999999,151.087088,45.262515
2014-12-30,108.78266,530.422394,150.6541,44.852338
2014-12-31,106.71373999999999,526.402397,151.021204,44.308616
2015-01-02,105.69861999999999,524.812404,152.546096,44.604321999999996
2015-01-05,102.72091999999999,513.872306,150.145794,44.194148999999996
2015-01-06,102.73059,501.962262,146.907754,43.545497
2015-01-07,104.171098,501.102268,145.947631,44.098757
2015-01-08,108.173588,502.682285,149.119787,45.39606
2015-01-09,108.28960500000001,496.17224400000003,149.769282,45.014499
2015-01-12,105.621276,492.552239,147.256029,44.451699
2015-01-13,106.559059,496.18225099999995,147.60430300000002,44.222765
2015-01-14,106.153011,500.87226699999997,146.653601,43.841204
2015-01-15,103.27198800000001,501.79227099999997,145.495813,43.383333
2015-01-16,102.469554,508.082288,147.914931,44.108298
2015-01-20,105.10888100000001,506.90229400000004,147.736083,44.251381
2015-01-21,105.91131399999999,518.042373,143.161394,43.803047
2015-01-22,108.66665,534.392388,146.267667,44.957268
2015-01-23,109.22738799999999,539.952437,146.719484,45.004962
2015-01-26,109.343397,535.212448,147.180723,44.842797
2015-01-27,105.51492900000001,518.63237,144.64864,40.693337
2015-01-28,111.479991,510.00231799999995,142.653102,39.291104
2015-01-29,114.950754,510.6623,146.35238,40.073301
2015-01-30,113.26855,534.5224450000001,144.309774,38.537527000000004
2015-02-02,114.689718,528.4823809999999,145.580527,39.376956
2015-02-03,114.709057,529.2424,149.166854,39.682203
2015-02-04,115.588828,522.762349,147.745505,39.91114
2015-02-05,116.41384599999999,527.582391,148.639732,40.493019
2015-02-06,115.43353700000002,531.002415,148.554422,40.454863
2015-02-09,116.200313,527.832406,147.63496,40.407168
2015-02-10,118.43269,536.942412,150.298549,40.636102
2015-02-11,121.20860800000001,535.972405,149.957305,40.426247
2015-02-12,122.74215900000002,542.932472,150.260639,41.103514000000004
2015-02-13,123.343934,549.0125009999999,152.042676,41.847553999999995
2015-02-17,124.07188500000001,542.842443,152.57351,41.866772
2015-02-18,124.93571899999999,539.702422,153.73942,41.818734
2015-02-19,124.673652,542.872432,155.350842,41.789915
2015-02-20,125.69278600000001,538.952441,155.12334099999998,42.135763
2015-02-23,129.089888,531.912381,154.421907,42.414363
2015-02-24,128.28428799999998,536.092424,156.24186699999998,42.356721
2015-02-25,125.003653,543.872489,154.327111,42.260653000000005
2015-02-26,126.58573700000001,555.482516,152.48818799999998,42.327901000000004
2015-02-27,124.68336799999999,558.402511,153.502445,42.126154
2015-03-02,125.294836,571.342601,152.11850900000002,42.154977
2015-03-03,125.556903,573.64261,152.639855,41.578562
2015-03-04,124.761003,573.372583,151.113741,41.367214000000004
2015-03-05,122.693634,575.3326089999999,152.782034,41.415246999999994
2015-03-06,122.87804299999999,567.687558,150.241677,40.694731
2015-03-09,123.40216799999999,568.852557,152.393407,41.165465999999995
2015-03-10,120.84949099999999,555.012538,149.587626,40.377703000000004
2015-03-11,118.64622299999999,551.1825150000001,148.630255,40.329669
2015-03-12,120.79125,555.512505,149.748767,39.40741
2015-03-13,119.95653300000001,547.322503,146.241551,39.753258
2015-03-16,121.27655,554.512509,148.89566499999998,39.926182
2015-03-17,123.305109,550.842471,148.781922,40.060678
2015-03-18,124.693069,559.502513,151.48342,40.829227
2015-03-19,123.751585,557.992512,151.48342,40.627484
2015-03-20,122.198625,560.362537,154.393471,41.194289000000005
2015-03-23,123.47011,558.81251,156.052291,41.175075
2015-03-24,122.965401,570.192597,154.50721399999998,41.213504
2015-03-25,119.752707,558.7875389999999,150.905202,39.830110999999995
2015-03-26,120.587424,555.172522,152.222778,39.589939
2015-03-27,119.62653200000001,548.342512,152.042676,39.359376
2015-03-30,122.65480900000001,552.0325019999999,154.19440600000001,39.349767
2015-03-31,120.771841,548.002468,152.137471,39.061562
2015-04-01,120.59713300000001,542.5624389999999,150.88624,39.119203999999996
2015-04-02,121.635675,535.532417,152.090073,38.706108
2015-04-06,123.605993,536.767432,153.597226,39.916573
2015-04-07,122.305392,537.022404,153.625676,39.897359
2015-04-08,121.90744199999999,541.612446,153.417138,39.791683
2015-04-09,122.83921799999999,540.782472,153.881598,39.849325
2015-04-10,123.363343,540.012416,154.37450900000002,40.079892
2015-04-13,123.12069299999999,539.172466,153.919522,40.118317
2015-04-14,122.586867,530.3924049999999,153.84368899999998,40.012644
2015-04-15,123.052751,532.532429,155.578342,40.598659999999995
2015-04-16,122.46068400000001,533.8023910000001,154.630445,40.502593
2015-04-17,121.08243300000001,524.0523860000001,152.29861200000002,39.983821
2015-04-20,123.848643,535.382408,157.502572,41.223109
2015-04-21,123.17893400000001,533.972413,155.701559,40.963723
2015-04-22,124.83865300000001,539.367458,156.744251,41.299966
2015-04-23,125.857786,547.002472,161.369993,41.636205
2015-04-24,126.449853,565.0625610000001,160.933954,45.988119
2015-04-27,128.750172,555.369995,161.834454,46.141829
2015-04-28,126.72162,553.679993,164.858247,47.227407
2015-04-29,124.858069,549.080017,165.313234,47.13134
2015-04-30,121.470675,537.340027,162.365274,46.727849
2015-05-01,125.158953,537.900024,164.621273,46.747063
2015-05-04,124.916303,540.780029,164.905645,46.343576
2015-05-05,122.10156699999999,530.799988,164.062017,45.728733
2015-05-06,121.334791,524.219971,162.409741,44.460625
2015-05-07,122.085269,530.700012,163.307509,44.864115999999996
2015-05-08,124.38545500000001,538.219971,164.92156599999998,45.872838
2015-05-11,123.118401,535.700012,163.431659,45.507775
2015-05-12,122.679809,529.039978,162.887276,45.488561
2015-05-13,122.81626000000001,529.619995,164.539544,45.757556
2015-05-14,125.68173999999999,538.400024,166.230023,46.804706
2015-05-15,125.50631000000001,533.849976,165.47550900000002,46.401215
2015-05-18,126.890318,532.299988,165.28449799999999,46.122615
2015-05-19,126.77336399999999,537.3599849999999,165.685625,46.006586999999996
2015-05-20,126.763608,539.27002,165.953044,46.006586999999996
2015-05-21,128.059901,542.51001,165.551916,45.851874
2015-05-22,129.180748,540.1099849999999,164.48224199999999,45.349073
2015-05-26,126.33475700000001,532.320007,162.486148,45.049323
2015-05-27,128.69342,539.789978,164.272125,46.035593
2015-05-28,128.440015,539.780029,163.99516100000002,45.880884
2015-05-29,126.97803300000001,532.1099849999999,162.027704,45.310395
2015-06-01,127.23143799999998,533.98999,162.53388999999999,45.668158
2015-06-02,126.666151,539.179993,162.027704,45.368408
2015-06-03,126.82208500000002,540.3099980000001,162.285577,45.300724
2015-06-04,126.081352,536.700012,160.814775,44.826929
2015-06-05,125.38934099999999,533.330017,159.878795,44.614203
2015-06-08,124.560893,526.830017,157.911352,44.217762
2015-06-09,124.19051999999999,526.6900019999999,158.236073,44.140409000000005
2015-06-10,125.613522,536.6900019999999,161.330506,45.068661999999996
2015-06-11,125.33086399999999,534.6099849999999,161.196797,44.904282
2015-06-12,123.94685600000001,532.330017,159.487227,44.449827
2015-06-15,123.70319199999999,527.200012,158.79001499999998,43.976029
2015-06-16,124.365958,528.150024,159.34395800000001,44.314457
2015-06-17,124.07356599999999,529.26001,159.659133,44.449827
2015-06-18,124.63886000000001,536.72998,160.69061100000002,45.175025
2015-06-19,123.39130300000001,536.6900019999999,159.487227,44.575525
2015-06-22,124.37570600000001,538.1900019999999,160.19397,44.701227
2015-06-23,123.810405,540.47998,161.043982,44.39181
2015-06-24,124.86303400000001,537.840027,159.468122,44.130738
2015-06-25,124.26849399999999,535.22998,158.61811,44.140409000000005
2015-06-26,123.537503,531.6900019999999,158.025971,43.763303
2015-06-29,121.373768,521.52002,155.64784,42.902735
2015-06-30,122.25095900000001,520.51001,155.35177,42.690012
2015-07-01,123.39130300000001,521.840027,157.099551,42.980090999999994
2015-07-02,123.23536200000001,523.400024,157.672585,42.931745
2015-07-06,122.80651200000001,522.8599849999999,157.32875900000002,42.922074
2015-07-07,122.50437099999999,525.02002,157.586632,42.83505
2015-07-08,119.463445,516.830017,155.829306,42.777035999999995
2015-07-09,117.026808,520.679993,156.48830700000002,43.047776
2015-07-10,120.155449,530.130005,159.449016,43.1348
2015-07-13,122.475132,546.549988,161.769845,44.034046000000004
2015-07-14,122.426397,561.099976,161.03443700000003,44.111399
2015-07-15,123.605728,560.219971,160.958029,44.246767999999996
2015-07-16,125.25289,579.849976,163.317055,45.117008
2015-07-17,126.33475700000001,672.929993,164.759206,45.07833
2015-07-20,128.722674,663.02002,165.43731200000002,45.368408
2015-07-21,127.436122,662.299988,155.743353,45.716504
2015-07-22,122.046282,662.099976,153.14556000000002,44.034046000000004
2015-07-23,121.98780500000001,644.280029,154.463547,44.585196999999994
2015-07-24,121.34452900000001,623.5599980000001,152.57251200000002,44.420815999999995
2015-07-27,119.658373,627.26001,151.923071,43.850327
2015-07-28,120.25291299999999,628.0,152.859036,43.840659
2015-07-29,119.872798,631.929993,153.852303,44.759244
2015-07-30,119.26851699999999,632.590027,153.728153,45.329734
2015-07-31,118.225637,625.6099849999999,154.711875,45.155685999999996
2015-08-03,115.438123,631.210022,151.579245,45.262049
2015-08-04,111.73443200000001,629.25,150.519116,45.967908
2015-08-05,112.475172,643.780029,150.805625,46.006586999999996
2015-08-06,112.719936,642.679993,150.535999,45.07833
2015-08-07,113.101772,635.299988,149.38038899999998,45.194364
2015-08-10,117.213856,633.72998,150.950082,45.764854
2015-08-11,111.114268,660.780029,149.75595800000002,44.875275
2015-08-12,112.827634,659.5599980000001,150.381916,45.194364
2015-08-13,112.739522,656.450012,149.332251,45.184692999999996
2015-08-14,113.53256299999998,657.119995,149.987083,45.445765
2015-08-17,114.707448,660.869995,150.52636,45.755182
2015-08-18,114.06126,656.130005,150.237457,46.008243
2015-08-19,112.602453,660.900024,148.244057,45.36586
2015-08-20,110.291855,646.830017,147.01142,44.441217
2015-08-21,103.546087,612.47998,143.342396,41.920351000000004
2015-08-24,100.961352,589.6099849999999,138.161457,40.567454
2015-08-25,101.568368,582.0599980000001,135.744335,39.389753000000006
2015-08-26,107.393819,628.619995,141.27194,41.569959000000004
2015-08-27,110.5562,637.6099849999999,143.043854,42.728198
2015-08-28,110.918457,630.380005,142.504577,42.757396
2015-08-31,110.399553,618.25,142.417911,42.358340000000005
2015-09-01,105.465056,597.789978,137.40068,40.703716
2015-09-02,109.988339,614.340027,139.682997,42.202611
2015-09-03,108.05958400000002,606.25,141.348981,42.338873
2015-09-04,106.982605,600.700012,138.38294299999998,41.47263
2015-09-08,109.958969,614.659973,141.782328,42.718463
2015-09-09,107.84418899999999,612.719971,139.682997,41.920351000000004
2015-09-10,110.213528,621.349976,140.79044,42.134479999999996
2015-09-11,111.819197,625.77002,141.917147,42.319407
2015-09-14,112.89616799999999,623.23999,140.260788,41.891153
2015-09-15,113.84586399999999,635.1400150000001,142.07123,42.806059999999995
2015-09-16,113.973148,635.97998,142.918674,43.117518
2015-09-17,111.535266,642.900024,142.65866,43.068853999999995
2015-09-18,111.07510400000001,629.25,139.16297,42.319407
2015-09-21,112.79826299999999,635.4400019999999,141.060079,42.932590999999995
2015-09-22,111.026155,622.6900019999999,139.085928,42.728198
2015-09-23,111.926895,622.3599849999999,138.344429,42.698996
2015-09-24,112.59266000000001,625.799988,139.066679,42.737929
2015-09-25,112.30873000000001,611.969971,140.039302,42.767127
2015-09-28,110.086252,594.8900150000001,137.246611,42.134479999999996
2015-09-29,106.777002,594.969971,137.19845800000002,42.280473
2015-09-30,107.99105,608.419983,139.605956,43.078585
2015-10-01,107.286121,611.289978,138.277012,43.419245000000004
2015-10-02,108.06936999999999,626.909973,139.230387,44.353619
2015-10-05,108.460998,641.469971,143.525354,45.385327000000004
2015-10-06,108.979902,645.4400019999999,143.274979,45.502122
2015-10-07,108.460998,642.3599849999999,144.536505,45.550787
2015-10-08,107.20779399999999,639.159973,146.645475,46.183438
2015-10-09,109.772951,643.6099849999999,146.751406,45.852514
2015-10-12,109.26383200000001,646.669983,145.54765700000002,45.745449
2015-10-13,109.44985700000001,652.299988,144.08389499999998,45.638385
2015-10-14,107.90293,651.159973,144.459464,45.433991
2015-10-15,109.51839199999999,661.73999,144.536505,45.755181
2015-10-16,108.715557,662.200012,144.825408,46.241834000000004
2015-10-19,109.391116,666.099976,143.698701,46.348898999999996
2015-10-20,111.388405,650.280029,135.43616799999998,46.494896000000004
2015-10-21,111.37862,642.6099849999999,135.705807,45.940111
2015-10-22,113.08219299999999,651.789978,138.75851200000002,46.747955
2015-10-23,116.587254,702.0,139.32667800000002,51.458763
2015-10-26,112.866798,712.780029,138.344429,52.801928000000004
2015-10-27,112.152083,708.48999,132.75903300000002,52.256875
2015-10-28,116.773271,712.950012,135.61914099999998,52.539134999999995
2015-10-29,118.006897,716.919983,135.349502,51.935685
2015-10-30,116.99846000000001,710.8099980000001,134.89689099999998,51.234903
2015-11-02,118.64329199999999,721.1099849999999,135.176155,51.818889
2015-11-03,120.004194,722.159973,136.630292,52.704599
2015-11-04,119.446126,728.1099849999999,136.389543,52.947926
2015-11-05,118.895499,731.25,134.713919,52.928459
2015-11-06,119.03315400000001,733.76001,134.38343400000002,53.454042
2015-11-09,118.55136,724.8900150000001,131.525657,52.714330000000004
2015-11-10,114.81497900000001,728.320007,131.681186,52.081679
2015-11-11,114.16603300000001,735.400024,131.243774,52.217945
2015-11-12,113.78256299999998,731.22998,129.31914,51.896752
2015-11-13,110.459148,717.0,128.065225,51.429565000000004
2015-11-16,112.268345,728.960022,129.970415,52.334740999999994
2015-11-17,111.786551,725.299988,130.077339,51.903599
2015-11-18,115.326277,740.0,132.021403,52.76588
2015-11-19,116.79132800000001,738.409973,132.915671,52.854068999999996
2015-11-20,117.302627,756.599976,134.626442,53.099036
2015-11-23,115.778574,755.97998,134.58756699999998,53.099036
2015-11-24,116.88965300000001,748.280029,134.723651,53.15782900000001
2015-11-25,116.05388500000001,748.150024,134.140426,52.609102
2015-11-27,115.83756699999999,750.26001,134.58756699999998,52.844272
2015-11-30,116.319369,742.599976,135.520709,53.255814
2015-12-01,115.37543500000001,767.039978,137.32869,54.108302
2015-12-02,114.33318500000001,762.380005,135.792877,54.098501
2015-12-03,113.27126499999999,752.539978,135.034693,53.108836
2015-12-04,117.037143,766.8099980000001,136.502456,54.784409
2015-12-07,116.2997,763.25,135.647078,54.686424
2015-12-08,116.250541,762.369995,134.18903,54.666826
2015-12-09,113.68423899999999,751.6099849999999,132.789302,53.873132
2015-12-10,114.225026,749.460022,132.954545,54.157295
2015-12-11,111.28508799999999,738.869995,130.80636299999998,52.971655000000005
2015-12-14,110.59681100000002,747.77002,132.12831200000002,54.029911
2015-12-15,108.640123,743.400024,133.93629199999998,54.08870400000001
2015-12-16,109.47588999999999,758.090027,135.394341,54.999981999999996
2015-12-17,107.155409,749.429993,132.925386,54.578638
2015-12-18,104.254795,739.3099980000001,131.12712,53.040245999999996
2015-12-21,105.533033,747.77002,131.710346,53.726154
2015-12-22,105.434708,750.0,134.072376,54.235682
2015-12-23,106.791601,750.3099980000001,134.665316,54.696220999999994
2015-12-24,106.22131,748.400024,134.38343400000002,54.549240000000005
2015-12-28,105.03156899999999,762.51001,133.761334,54.82360500000001
2015-12-29,106.919422,776.599976,135.870642,55.411524
2015-12-30,105.523198,771.0,135.442945,55.17635799999999
2015-12-31,103.49769,758.880005,133.771049,54.363066
2016-01-04,103.58618,741.840027,132.147757,53.69675600000001
2016-01-05,100.99038,742.580017,132.05056299999998,53.941722999999996
2016-01-06,99.01403,743.619995,131.38957299999998,52.96185500000001
2016-01-07,94.835186,726.3900150000001,129.144181,51.119702000000004
2016-01-08,95.336649,714.469971,127.948586,51.276485
2016-01-11,96.880363,716.030029,129.503829,51.247085999999996
2016-01-12,98.286422,726.070007,129.183056,51.717422
2016-01-13,95.75945,700.5599980000001,127.50144499999999,50.600373
2016-01-14,97.853786,714.719971,129.192786,52.04078
2016-01-15,95.503801,694.450012,126.39332900000001,49.963462
2016-01-19,95.041677,701.789978,124.527029,49.542118
2016-01-20,95.16949699999999,698.450012,118.451829,49.767487
2016-01-21,94.687703,706.590027,119.47246499999999,49.463727
2016-01-22,99.721977,725.25,119.073929,51.237289000000004
2016-01-25,97.775131,711.669983,118.665677,50.747355
2016-01-26,98.315919,713.039978,119.16140800000001,51.119702000000004
2016-01-27,91.855917,699.98999,117.576998,50.188831
2016-01-28,92.514698,730.960022,118.80176100000001,51.01192
2016-01-29,95.710285,742.950012,121.29988300000001,53.980918
2016-02-01,94.815524,752.0,121.338765,53.608567
2016-02-02,92.898175,764.650024,119.501625,51.932994
2016-02-03,94.736862,726.950012,121.23184099999999,51.109905
2016-02-04,95.498081,708.01001,124.079895,50.953126
2016-02-05,92.947509,683.570007,124.97417,49.150169
2016-02-08,93.926221,682.73999,124.689397,48.415269
2016-02-09,93.90644499999999,678.1099849999999,121.83188799999999,48.287884999999996
2016-02-10,93.19465699999999,684.119995,118.021882,48.709228
2016-02-11,92.631159,683.1099849999999,115.72408999999999,48.68963
2016-02-12,92.917852,682.400024,118.85654699999999,49.483325
2016-02-16,95.537625,691.0,120.525878,50.420881
2016-02-17,97.00074599999999,708.400024,123.825267,51.73346
2016-02-18,95.161963,697.349976,130.06071699999998,51.506473
2016-02-19,94.944471,700.909973,130.679357,51.14132
2016-02-22,95.774885,706.460022,131.356913,51.960451
2016-02-23,93.609872,695.849976,130.011616,50.509703
2016-02-24,95.003784,699.5599980000001,130.40441,50.687345
2016-02-25,95.65625899999999,705.75,132.07374,51.417652000000004
2016-02-26,95.80455,705.070007,129.648295,50.62813
2016-02-29,95.587058,697.77002,128.666335,50.213632000000004
2016-03-01,99.383251,718.8099980000001,131.94608,51.891368
2016-03-02,99.60074300000001,718.849976,133.841273,52.256522
2016-03-03,100.34218800000001,712.419983,135.314214,51.664377
2016-03-04,101.834965,710.8900150000001,135.314214,51.348569
2016-03-07,100.70796999999999,695.159973,137.62181299999997,50.361666
2016-03-08,99.877548,693.969971,136.561309,50.973548
2016-03-09,99.966525,705.23999,137.87713300000001,52.147962
2016-03-10,100.01595,712.820007,137.6611,51.368307
2016-03-11,101.09352,726.820007,139.791953,52.374949
2016-03-14,101.350549,730.48999,140.204375,52.473638
2016-03-15,103.387056,728.330017,140.381136,52.888139
2016-03-16,104.7612,736.090027,142.178111,53.638183999999995
2016-03-17,104.593141,737.780029,144.387523,53.944125
2016-03-18,104.71176700000001,737.599976,144.436624,52.78945
2016-03-21,104.701886,742.090027,145.948852,53.154603
2016-03-22,105.50264399999999,740.75,145.428414,53.361852
2016-03-23,104.91937,738.0599980000001,142.777108,53.263163
2016-03-24,104.464619,735.299988,145.281111,53.500018000000004
2016-03-28,103.990098,733.530029,145.72298999999998,52.838795
2016-03-29,106.45169299999999,744.77002,146.636222,53.993469
2016-03-30,108.310245,750.530029,145.73282,54.32901700000001
2016-03-31,107.746747,744.950012,148.717974,54.506659
2016-04-01,108.73534,749.909973,149.76868000000002,54.842206999999995
2016-04-04,109.852455,745.289978,149.3268,54.704041000000004
2016-04-05,108.55739299999999,737.799988,147.294134,53.845436
2016-04-06,109.694276,745.6900019999999,147.31377700000002,54.3981
2016-04-07,107.301883,740.280029,145.575702,53.74674399999999
2016-04-08,107.42051699999999,739.150024,146.65586499999998,53.707267
2016-04-11,107.776404,736.099976,146.557663,53.59871
2016-04-12,109.18021100000001,743.090027,146.930813,53.93425799999999
2016-04-13,110.761959,751.719971,148.50194199999999,54.625087
2016-04-14,110.821272,753.200012,148.433212,54.634958
2016-04-15,108.596938,759.0,148.98310800000002,54.921161
2016-04-18,106.253977,766.6099849999999,149.778494,55.72055
2016-04-19,105.69047900000001,753.929993,141.402369,55.651467000000004
2016-04-20,105.907963,752.669983,143.474307,54.861945
2016-04-21,104.7612,759.1400150000001,146.606764,55.049455
2016-04-22,104.47450699999999,718.77002,145.821193,51.101843
2016-04-25,103.881352,723.150024,146.125598,51.427523
2016-04-26,103.159676,708.1400150000001,146.390732,50.766296000000004
2016-04-27,96.704165,705.840027,147.755657,50.272844
2016-04-28,93.748274,691.02002,144.41699599999998,49.246468
2016-04-29,92.670704,693.01001,143.307375,49.216858
2016-05-02,92.571846,698.210022,142.649463,49.947168
2016-05-03,94.09428,692.3599849999999,141.53002800000002,49.128037
2016-05-04,93.115575,695.700012,141.647859,49.216858
2016-05-05,92.737619,701.429993,143.827813,49.285940999999994
2016-05-06,92.220424,711.119995,146.028796,49.730048
2016-05-09,92.29004599999999,712.900024,146.07837,49.414239
2016-05-10,92.91664899999999,723.179993,148.685855,50.351797999999995
2016-05-11,92.011556,715.289978,147.674585,50.381403999999996
2016-05-12,89.85324200000001,713.3099980000001,147.565526,50.835378999999996
2016-05-13,90.032273,710.830017,146.455122,50.411014
2016-05-16,93.37416999999999,716.48999,148.180228,51.151191
2016-05-17,92.986272,706.22998,146.732723,50.197137
2016-05-18,94.050506,706.630005,146.07837,50.495281
2016-05-19,93.69244499999999,700.320007,143.689003,50.008315
2016-05-20,94.70695400000001,709.73999,145.989145,50.306456
2016-05-23,95.910433,704.23999,145.513259,49.72011
2016-05-24,97.372514,720.090027,147.040066,51.270449
2016-05-25,99.083248,725.27002,150.391129,51.797165
2016-05-26,99.868992,724.119995,151.13470700000002,51.56859
2016-05-27,99.809311,732.659973,151.531276,51.995927
2016-05-31,99.32195300000001,735.719971,152.423578,52.671715
2016-06-01,97.92949399999999,734.150024,151.2041,52.522643
2016-06-02,97.193484,730.400024,152.185628,52.154936
2016-06-03,97.392403,722.340027,151.580851,51.469211
2016-06-06,98.098577,716.549988,151.422217,51.807105
2016-06-07,98.496423,716.650024,152.017085,51.777288
2016-06-08,98.406912,728.280029,152.681347,51.717662
2016-06-09,99.113085,728.580017,152.106311,51.300262
2016-06-10,98.297504,719.409973,151.065299,51.16113
2016-06-13,96.815526,718.3599849999999,149.98463600000002,49.829429
2016-06-14,96.934883,718.27002,149.766519,49.521352
2016-06-15,96.616607,718.919983,149.389768,49.382216
2016-06-16,97.024402,710.3599849999999,149.766519,50.077881
2016-06-17,94.816362,691.719971,150.688563,49.819493
2016-06-20,94.587598,693.710022,152.294687,49.759863
2016-06-21,95.39323900000001,695.9400019999999,152.730922,50.872925
2016-06-22,95.035178,697.460022,151.610593,50.674167
2016-06-23,95.58221,701.869995,154.019793,51.588466
2016-06-24,92.89676,675.219971,145.334793,49.521352
2016-06-27,91.544087,668.26001,142.271255,48.130022
2016-06-28,93.08573100000001,680.039978,144.45241399999998,49.133765000000004
2016-06-29,93.891372,684.1099849999999,147.18879099999998,50.226953
2016-06-30,95.08490400000001,692.099976,150.480355,50.853048
2016-07-01,95.37334200000001,699.210022,151.045481,50.843112
2016-07-05,94.47819,694.950012,150.381205,50.853048
2016-07-06,95.015281,697.77002,151.065299,51.061751
2016-07-07,95.423076,695.3599849999999,151.29334,51.061751
2016-07-08,96.159086,705.630005,153.13741399999998,51.97605
2016-07-11,96.457473,715.090027,153.99996000000002,52.264255
2016-07-12,96.89509699999999,720.6400150000001,155.695309,52.880413
2016-07-13,96.348065,716.97998,156.666929,53.178554000000005
2016-07-14,98.25771800000001,720.950012,158.907572,53.407132999999995
2016-07-15,98.24776999999999,719.849976,158.411853,53.367380000000004
2016-07-18,99.29211600000001,733.780029,158.49116999999998,53.62576800000001
2016-07-19,99.331901,736.960022,158.213569,52.761157999999995
2016-07-20,99.421412,741.1900019999999,159.978326,55.56369
2016-07-21,98.894269,738.630005,159.076114,55.454370999999995
2016-07-22,98.128421,742.73999,160.682253,56.219602
2016-07-25,96.815526,739.77002,161.257273,56.378611
2016-07-26,96.149138,738.419983,160.731813,56.408424
2016-07-27,102.3953,741.77002,160.444303,55.841955000000006
2016-07-28,103.77781,745.909973,159.988235,55.861831
2016-07-29,103.648513,768.789978,159.24465700000002,56.328920999999994
2016-08-01,105.478603,772.880005,160.067552,56.229542
2016-08-02,103.917063,771.070007,159.205006,56.229542
2016-08-03,105.22000200000001,773.179993,159.294232,56.617126
2016-08-04,105.870003,771.6099849999999,160.166701,57.034523
2016-08-05,107.480003,782.219971,162.100001,57.600992000000005
2016-08-08,108.370003,781.76001,162.03999299999998,57.700375
2016-08-09,108.809998,784.26001,161.770004,57.839507
2016-08-10,108.0,784.679993,162.080002,57.660621
2016-08-11,107.93,784.849976,163.529999,57.938886
2016-08-12,108.18,783.219971,161.949997,57.581115000000004
2016-08-15,109.480003,782.4400019999999,161.880005,57.76
2016-08-16,109.379997,777.1400150000001,160.699997,57.439999
2016-08-17,109.220001,779.909973,160.440002,57.560001
2016-08-18,109.08000200000001,777.5,161.360001,57.599998
2016-08-19,109.360001,775.419983,160.03999299999998,57.619999
2016-08-22,108.510002,772.150024,160.0,57.669998
2016-08-23,108.849998,772.080017,160.259995,57.889998999999996
2016-08-24,108.029999,769.6400150000001,159.050003,57.950001
2016-08-25,107.57,769.409973,158.630005,58.169998
2016-08-26,106.940002,769.539978,158.320007,58.029999
2016-08-29,106.82,772.150024,159.720001,58.099998
2016-08-30,106.0,769.090027,159.399994,57.889998999999996
2016-08-31,106.099998,767.049988,158.880005,57.459998999999996
2016-09-01,106.730003,768.780029,159.53999299999998,57.59
2016-09-02,107.730003,771.460022,159.550003,57.669998
2016-09-06,107.699997,780.080017,160.350006,57.610001000000004
2016-09-07,108.360001,780.349976,161.639999,57.66
2016-09-08,105.519997,775.320007,159.0,57.43
2016-09-09,103.129997,759.659973,155.690002,56.209998999999996
2016-09-12,105.440002,769.02002,158.28999299999998,57.049999
2016-09-13,107.949997,759.6900019999999,155.809998,56.529999
2016-09-14,111.769997,762.48999,154.050003,56.259997999999996
2016-09-15,115.57,771.76001,155.66000400000001,57.189999
2016-09-16,114.91999799999999,768.880005,153.83999599999999,57.25
2016-09-19,113.58000200000001,765.700012,154.869995,56.93
2016-09-20,113.57,771.409973,154.449997,56.810001
2016-09-21,113.550003,776.219971,155.529999,57.759997999999996
2016-09-22,114.620003,787.210022,156.110001,57.82
2016-09-23,112.709999,786.900024,154.979996,57.43
2016-09-26,112.879997,774.210022,153.979996,56.900002
2016-09-27,113.089996,783.01001,156.770004,57.950001
2016-09-28,113.949997,781.5599980000001,158.28999299999998,58.029999
2016-09-29,112.18,775.01001,158.110001,57.400002
2016-09-30,113.050003,777.289978,158.850006,57.599998
2016-10-03,112.519997,772.5599980000001,157.610001,57.419998
2016-10-04,113.0,776.429993,156.46000700000002,57.240002000000004
2016-10-05,113.050003,776.469971,157.080002,57.639998999999996
2016-10-06,113.889999,776.8599849999999,156.880005,57.740002000000004
2016-10-07,114.059998,775.080017,155.669998,57.799999
2016-10-10,116.050003,785.9400019999999,157.020004,58.040001000000004
2016-10-11,116.300003,783.070007,154.78999299999998,57.189999
2016-10-12,117.339996,786.1400150000001,154.28999299999998,57.110001000000004
2016-10-13,116.980003,778.1900019999999,153.720001,56.919998
2016-10-14,117.629997,778.530029,154.449997,57.419998
2016-10-17,117.550003,779.960022,154.770004,57.220001
2016-10-18,117.470001,795.26001,150.720001,57.66
2016-10-19,117.120003,801.5,151.259995,57.529999
2016-10-20,117.059998,796.969971,151.520004,57.25
2016-10-21,116.599998,799.369995,149.630005,59.66
